payment_id,order_id,payment_method,payment_amount,payment_status
PAY00001,ORD00001,Debit Card,43924.39,Paid
PAY00002,ORD00002,Debit Card,40480.4,Paid
PAY00003,ORD00003,Cash on Delivery,31469.12,Paid
PAY00004,ORD00004,Credit Card,87939.45,Paid
PAY00005,ORD00005,UPI,127907.1,Paid
PAY00006,ORD00006,Debit Card,1738.84,Paid
PAY00007,ORD00007,Credit Card,42871.5,Paid
PAY00008,ORD00008,Cash on Delivery,160682.82,Paid
PAY00009,ORD00009,Debit Card,1826.87,Paid
PAY00010,ORD00010,UPI,80258.46,Paid
PAY00011,ORD00011,Net Banking,5842.72,Paid
PAY00012,ORD00012,Debit Card,52966.65,Paid
PAY00013,ORD00013,Debit Card,86368.27,Paid
PAY00014,ORD00014,Credit Card,24139.62,Paid
PAY00015,ORD00015,Debit Card,168568.66,Paid
PAY00016,ORD00016,Cash on Delivery,28553.06,Paid
PAY00017,ORD00017,Debit Card,38617.09,Paid
PAY00018,ORD00018,Cash on Delivery,47161.19,Paid
PAY00019,ORD00019,Net Banking,144510.03,Paid
PAY00020,ORD00020,Credit Card,15512.61,Paid
PAY00021,ORD00021,UPI,28537.82,Paid
PAY00022,ORD00022,UPI,76508.43,Paid
PAY00023,ORD00023,Net Banking,81014.26,Paid
PAY00024,ORD00024,Debit Card,12472.28,Paid
PAY00025,ORD00025,UPI,22956.11,Paid
PAY00026,ORD00026,Credit Card,6554.8,Paid
PAY00027,ORD00027,UPI,83653.26,Paid
PAY00028,ORD00028,Debit Card,5906.88,Paid
PAY00029,ORD00029,Debit Card,28474.5,Paid
PAY00030,ORD00030,Credit Card,31178.15,Paid
PAY00031,ORD00031,UPI,56351.36,Paid
PAY00032,ORD00032,Debit Card,43745.24,Paid
PAY00033,ORD00033,Cash on Delivery,57222.27,Paid
PAY00034,ORD00034,Net Banking,39340.56,Paid
PAY00035,ORD00035,Net Banking,81414.11,Paid
PAY00036,ORD00036,Cash on Delivery,51061.35,Paid
PAY00037,ORD00037,UPI,114243.44,Paid
PAY00038,ORD00038,Net Banking,121212.65,Paid
PAY00039,ORD00039,Debit Card,26447.49,Paid
PAY00040,ORD00040,Net Banking,27338.45,Paid
PAY00041,ORD00041,Debit Card,12396.09,Paid
PAY00042,ORD00042,Credit Card,42637.23,Failed
PAY00043,ORD00043,Debit Card,1972.82,Paid
PAY00044,ORD00044,Credit Card,17873.53,Paid
PAY00045,ORD00045,UPI,15426.17,Paid
PAY00046,ORD00046,Credit Card,47404.11,Paid
PAY00047,ORD00047,UPI,189830.38,Paid
PAY00048,ORD00048,Net Banking,15527.43,Paid
PAY00049,ORD00049,Cash on Delivery,15736.06,Paid
PAY00050,ORD00050,Net Banking,70788.68,Paid
PAY00051,ORD00051,Net Banking,31560.51,Paid
PAY00052,ORD00052,Net Banking,265943.63,Failed
PAY00053,ORD00053,UPI,1802.47,Paid
PAY00054,ORD00054,Debit Card,9771.84,Paid
PAY00055,ORD00055,Credit Card,110179.64,Paid
PAY00056,ORD00056,Debit Card,42103.93,Paid
PAY00057,ORD00057,UPI,53965.02,Paid
PAY00058,ORD00058,Credit Card,65006.18,Paid
PAY00059,ORD00059,Debit Card,203106.71,Paid
PAY00060,ORD00060,UPI,4203.5,Paid
PAY00061,ORD00061,UPI,17492.91,Paid
PAY00062,ORD00062,Debit Card,40097.78,Failed
PAY00063,ORD00063,Credit Card,12558.09,Paid
PAY00064,ORD00064,Credit Card,84186.98,Paid
PAY00065,ORD00065,Net Banking,292993.53,Paid
PAY00066,ORD00066,UPI,38147.12,Paid
PAY00067,ORD00067,Cash on Delivery,64549.78,Paid
PAY00068,ORD00068,Debit Card,22619.27,Paid
PAY00069,ORD00069,Credit Card,28563.12,Paid
PAY00070,ORD00070,UPI,123163.0,Paid
PAY00071,ORD00071,UPI,17939.83,Paid
PAY00072,ORD00072,Cash on Delivery,32864.55,Paid
PAY00073,ORD00073,Net Banking,114958.89,Paid
PAY00074,ORD00074,Credit Card,109780.14,Paid
PAY00075,ORD00075,Debit Card,46295.84,Paid
PAY00076,ORD00076,Debit Card,74149.6,Paid
PAY00077,ORD00077,Debit Card,78599.64,Paid
PAY00078,ORD00078,UPI,37148.81,Failed
PAY00079,ORD00079,Cash on Delivery,42744.43,Paid
PAY00080,ORD00080,Debit Card,20039.82,Paid
PAY00081,ORD00081,UPI,13870.02,Paid
PAY00082,ORD00082,UPI,40768.65,Paid
PAY00083,ORD00083,Net Banking,45313.4,Paid
PAY00084,ORD00084,Cash on Delivery,81305.89,Paid
PAY00085,ORD00085,Debit Card,37598.89,Paid
PAY00086,ORD00086,Cash on Delivery,42751.62,Paid
PAY00087,ORD00087,UPI,11142.06,Paid
PAY00088,ORD00088,Debit Card,23516.54,Paid
PAY00089,ORD00089,UPI,13037.73,Paid
PAY00090,ORD00090,Credit Card,13582.45,Paid
PAY00091,ORD00091,Cash on Delivery,89675.78,Paid
PAY00092,ORD00092,Net Banking,37665.33,Paid
PAY00093,ORD00093,Debit Card,6357.59,Paid
PAY00094,ORD00094,Cash on Delivery,7160.26,Paid
PAY00095,ORD00095,Credit Card,35272.07,Paid
PAY00096,ORD00096,Cash on Delivery,29832.91,Paid
PAY00097,ORD00097,Cash on Delivery,23451.6,Paid
PAY00098,ORD00098,UPI,40511.66,Paid
PAY00099,ORD00099,Net Banking,148224.13,Paid
PAY00100,ORD00100,Debit Card,93785.82,Paid
PAY00101,ORD00101,UPI,100302.12,Paid
PAY00102,ORD00102,Debit Card,114355.9,Failed
PAY00103,ORD00103,UPI,36149.02,Paid
PAY00104,ORD00104,Credit Card,6361.41,Paid
PAY00105,ORD00105,Cash on Delivery,80337.18,Paid
PAY00106,ORD00106,Credit Card,116077.72,Paid
PAY00107,ORD00107,Credit Card,5578.37,Paid
PAY00108,ORD00108,Credit Card,5950.33,Paid
PAY00109,ORD00109,Credit Card,46078.58,Paid
PAY00110,ORD00110,Credit Card,30918.99,Paid
PAY00111,ORD00111,UPI,55573.69,Paid
PAY00112,ORD00112,Cash on Delivery,16766.75,Paid
PAY00113,ORD00113,Debit Card,12358.11,Paid
PAY00114,ORD00114,UPI,28548.61,Paid
PAY00115,ORD00115,UPI,13818.85,Paid
PAY00116,ORD00116,Net Banking,25352.69,Paid
PAY00117,ORD00117,Credit Card,6106.7,Paid
PAY00118,ORD00118,UPI,18064.15,Paid
PAY00119,ORD00119,Credit Card,2931.93,Paid
PAY00120,ORD00120,UPI,28533.4,Paid
PAY00121,ORD00121,Credit Card,95049.78,Paid
PAY00122,ORD00122,Cash on Delivery,39692.99,Paid
PAY00123,ORD00123,Credit Card,19248.92,Paid
PAY00124,ORD00124,Cash on Delivery,126623.44,Paid
PAY00125,ORD00125,UPI,107364.86,Paid
PAY00126,ORD00126,Debit Card,23871.16,Paid
PAY00127,ORD00127,UPI,3233.7,Paid
PAY00128,ORD00128,UPI,5800.92,Paid
PAY00129,ORD00129,Cash on Delivery,49337.42,Paid
PAY00130,ORD00130,UPI,47755.97,Paid
PAY00131,ORD00131,UPI,25060.0,Paid
PAY00132,ORD00132,UPI,6550.56,Paid
PAY00133,ORD00133,Debit Card,76273.36,Paid
PAY00134,ORD00134,Debit Card,39754.68,Paid
PAY00135,ORD00135,UPI,92537.5,Paid
PAY00136,ORD00136,UPI,76016.08,Paid
PAY00137,ORD00137,Debit Card,49610.8,Paid
PAY00138,ORD00138,Cash on Delivery,36562.63,Paid
PAY00139,ORD00139,UPI,44328.22,Paid
PAY00140,ORD00140,Credit Card,47586.78,Paid
PAY00141,ORD00141,UPI,85867.01,Paid
PAY00142,ORD00142,Debit Card,64882.53,Paid
PAY00143,ORD00143,Credit Card,31086.54,Paid
PAY00144,ORD00144,Debit Card,118317.94,Paid
PAY00145,ORD00145,Credit Card,72659.98,Paid
PAY00146,ORD00146,Credit Card,35744.57,Paid
PAY00147,ORD00147,Net Banking,31733.33,Paid
PAY00148,ORD00148,UPI,2529.01,Failed
PAY00149,ORD00149,UPI,118390.9,Paid
PAY00150,ORD00150,UPI,99241.33,Failed
PAY00151,ORD00151,Credit Card,48948.15,Paid
PAY00152,ORD00152,Cash on Delivery,1940.04,Paid
PAY00153,ORD00153,Debit Card,1107.74,Paid
PAY00154,ORD00154,Cash on Delivery,76919.25,Paid
PAY00155,ORD00155,Credit Card,56442.83,Failed
PAY00156,ORD00156,Credit Card,47713.4,Paid
PAY00157,ORD00157,Net Banking,135909.33,Paid
PAY00158,ORD00158,UPI,27353.59,Paid
PAY00159,ORD00159,Credit Card,23872.96,Paid
PAY00160,ORD00160,Credit Card,26239.57,Paid
PAY00161,ORD00161,Credit Card,36161.49,Paid
PAY00162,ORD00162,Debit Card,36165.52,Paid
PAY00163,ORD00163,UPI,22323.6,Paid
PAY00164,ORD00164,Credit Card,11030.91,Paid
PAY00165,ORD00165,Debit Card,12036.94,Paid
PAY00166,ORD00166,UPI,45110.14,Failed
PAY00167,ORD00167,Net Banking,51434.54,Paid
PAY00168,ORD00168,Net Banking,75687.79,Paid
PAY00169,ORD00169,UPI,10739.63,Paid
PAY00170,ORD00170,UPI,55701.7,Paid
PAY00171,ORD00171,UPI,13258.28,Paid
PAY00172,ORD00172,UPI,44088.07,Paid
PAY00173,ORD00173,UPI,37905.32,Paid
PAY00174,ORD00174,UPI,30536.98,Paid
PAY00175,ORD00175,UPI,19966.87,Paid
PAY00176,ORD00176,Net Banking,111924.79,Paid
PAY00177,ORD00177,UPI,45539.42,Paid
PAY00178,ORD00178,Debit Card,153645.13,Failed
PAY00179,ORD00179,Credit Card,43723.37,Paid
PAY00180,ORD00180,UPI,92609.57,Paid
PAY00181,ORD00181,Debit Card,20098.92,Paid
PAY00182,ORD00182,Credit Card,11515.13,Paid
PAY00183,ORD00183,Debit Card,21740.82,Paid
PAY00184,ORD00184,Credit Card,41947.8,Paid
PAY00185,ORD00185,UPI,2982.76,Paid
PAY00186,ORD00186,Cash on Delivery,3209.82,Paid
PAY00187,ORD00187,Credit Card,28198.81,Paid
PAY00188,ORD00188,Credit Card,90000.72,Paid
PAY00189,ORD00189,UPI,23517.87,Paid
PAY00190,ORD00190,UPI,46117.56,Paid
PAY00191,ORD00191,UPI,6377.47,Paid
PAY00192,ORD00192,Debit Card,57175.42,Paid
PAY00193,ORD00193,UPI,46117.66,Paid
PAY00194,ORD00194,Credit Card,21151.33,Paid
PAY00195,ORD00195,UPI,79362.92,Paid
PAY00196,ORD00196,Credit Card,77636.43,Paid
PAY00197,ORD00197,UPI,25263.71,Paid
PAY00198,ORD00198,Credit Card,33589.79,Paid
PAY00199,ORD00199,Cash on Delivery,42939.83,Paid
PAY00200,ORD00200,Debit Card,19059.78,Paid
PAY00201,ORD00201,UPI,33059.65,Paid
PAY00202,ORD00202,Debit Card,47771.49,Paid
PAY00203,ORD00203,Debit Card,21091.21,Paid
PAY00204,ORD00204,Net Banking,33480.16,Paid
PAY00205,ORD00205,UPI,23663.22,Paid
PAY00206,ORD00206,Credit Card,51062.03,Paid
PAY00207,ORD00207,Debit Card,2851.73,Paid
PAY00208,ORD00208,Credit Card,52936.12,Failed
PAY00209,ORD00209,Debit Card,43751.92,Paid
PAY00210,ORD00210,Debit Card,115105.14,Paid
PAY00211,ORD00211,UPI,61717.32,Paid
PAY00212,ORD00212,Credit Card,31998.47,Paid
PAY00213,ORD00213,UPI,67510.92,Paid
PAY00214,ORD00214,UPI,96344.58,Paid
PAY00215,ORD00215,Net Banking,58043.71,Paid
PAY00216,ORD00216,UPI,41415.48,Paid
PAY00217,ORD00217,UPI,27912.45,Paid
PAY00218,ORD00218,Credit Card,124706.9,Paid
PAY00219,ORD00219,Debit Card,8377.72,Paid
PAY00220,ORD00220,Cash on Delivery,75165.45,Paid
PAY00221,ORD00221,UPI,61909.91,Paid
PAY00222,ORD00222,Credit Card,36740.38,Paid
PAY00223,ORD00223,Net Banking,31735.46,Paid
PAY00224,ORD00224,Debit Card,29741.97,Paid
PAY00225,ORD00225,Credit Card,88383.52,Paid
PAY00226,ORD00226,Debit Card,66671.95,Paid
PAY00227,ORD00227,Cash on Delivery,71124.28,Paid
PAY00228,ORD00228,Debit Card,76886.07,Paid
PAY00229,ORD00229,Credit Card,25280.74,Paid
PAY00230,ORD00230,Cash on Delivery,39821.42,Paid
PAY00231,ORD00231,Debit Card,17919.54,Paid
PAY00232,ORD00232,Net Banking,76086.1,Failed
PAY00233,ORD00233,Net Banking,137032.23,Paid
PAY00234,ORD00234,UPI,16924.34,Paid
PAY00235,ORD00235,Credit Card,115140.22,Paid
PAY00236,ORD00236,UPI,75532.9,Paid
PAY00237,ORD00237,UPI,31681.23,Paid
PAY00238,ORD00238,Debit Card,106834.24,Paid
PAY00239,ORD00239,UPI,76103.1,Paid
PAY00240,ORD00240,UPI,17155.56,Paid
PAY00241,ORD00241,UPI,72903.78,Failed
PAY00242,ORD00242,Debit Card,15597.87,Paid
PAY00243,ORD00243,UPI,50973.05,Failed
PAY00244,ORD00244,Cash on Delivery,27749.3,Paid
PAY00245,ORD00245,Debit Card,98703.73,Paid
PAY00246,ORD00246,Debit Card,74501.74,Paid
PAY00247,ORD00247,Debit Card,106682.73,Paid
PAY00248,ORD00248,UPI,68851.4,Paid
PAY00249,ORD00249,Credit Card,175846.4,Paid
PAY00250,ORD00250,Debit Card,25552.7,Paid
PAY00251,ORD00251,Debit Card,27871.72,Paid
PAY00252,ORD00252,UPI,17637.08,Paid
PAY00253,ORD00253,Credit Card,45317.04,Paid
PAY00254,ORD00254,Debit Card,12075.94,Paid
PAY00255,ORD00255,Credit Card,5945.44,Paid
PAY00256,ORD00256,Debit Card,85876.83,Paid
PAY00257,ORD00257,Debit Card,67358.46,Paid
PAY00258,ORD00258,Debit Card,18274.41,Paid
PAY00259,ORD00259,UPI,5165.9,Paid
PAY00260,ORD00260,UPI,81107.26,Paid
PAY00261,ORD00261,Debit Card,74174.04,Paid
PAY00262,ORD00262,Debit Card,36667.7,Paid
PAY00263,ORD00263,UPI,11550.23,Paid
PAY00264,ORD00264,Cash on Delivery,39036.16,Paid
PAY00265,ORD00265,Credit Card,95032.41,Paid
PAY00266,ORD00266,Net Banking,115353.88,Paid
PAY00267,ORD00267,Credit Card,46328.79,Paid
PAY00268,ORD00268,Credit Card,14492.23,Paid
PAY00269,ORD00269,Debit Card,173907.64,Paid
PAY00270,ORD00270,Credit Card,30920.24,Paid
PAY00271,ORD00271,UPI,31556.14,Paid
PAY00272,ORD00272,Net Banking,16410.09,Paid
PAY00273,ORD00273,Credit Card,52996.9,Paid
PAY00274,ORD00274,UPI,45271.65,Paid
PAY00275,ORD00275,Net Banking,67154.2,Paid
PAY00276,ORD00276,UPI,66016.51,Paid
PAY00277,ORD00277,UPI,136982.93,Paid
PAY00278,ORD00278,Net Banking,62061.61,Paid
PAY00279,ORD00279,Debit Card,69964.49,Paid
PAY00280,ORD00280,Credit Card,6206.45,Paid
PAY00281,ORD00281,Cash on Delivery,56802.81,Paid
PAY00282,ORD00282,Credit Card,130224.79,Paid
PAY00283,ORD00283,UPI,114064.23,Paid
PAY00284,ORD00284,UPI,43694.64,Paid
PAY00285,ORD00285,Debit Card,97019.78,Paid
PAY00286,ORD00286,Credit Card,22907.22,Paid
PAY00287,ORD00287,Credit Card,37536.58,Paid
PAY00288,ORD00288,Credit Card,46327.15,Paid
PAY00289,ORD00289,UPI,25981.48,Paid
PAY00290,ORD00290,Credit Card,22571.56,Paid
PAY00291,ORD00291,Debit Card,78767.8,Paid
PAY00292,ORD00292,Debit Card,25524.54,Paid
PAY00293,ORD00293,UPI,120527.83,Paid
PAY00294,ORD00294,UPI,85747.2,Paid
PAY00295,ORD00295,Debit Card,36540.86,Paid
PAY00296,ORD00296,Debit Card,104544.76,Paid
PAY00297,ORD00297,Debit Card,173199.96,Paid
PAY00298,ORD00298,Cash on Delivery,22139.63,Paid
PAY00299,ORD00299,UPI,6408.79,Paid
PAY00300,ORD00300,Debit Card,140213.82,Paid
PAY00301,ORD00301,Debit Card,31600.5,Paid
PAY00302,ORD00302,Debit Card,229230.28,Paid
PAY00303,ORD00303,UPI,33002.44,Paid
PAY00304,ORD00304,UPI,95466.36,Paid
PAY00305,ORD00305,Cash on Delivery,12280.29,Paid
PAY00306,ORD00306,UPI,63884.51,Paid
PAY00307,ORD00307,UPI,16050.85,Failed
PAY00308,ORD00308,Net Banking,83830.08,Paid
PAY00309,ORD00309,UPI,10423.14,Paid
PAY00310,ORD00310,Credit Card,13339.01,Paid
PAY00311,ORD00311,UPI,22841.7,Paid
PAY00312,ORD00312,Net Banking,107202.71,Paid
PAY00313,ORD00313,Credit Card,92344.99,Paid
PAY00314,ORD00314,Net Banking,137333.56,Paid
PAY00315,ORD00315,UPI,14782.65,Paid
PAY00316,ORD00316,Credit Card,3392.57,Failed
PAY00317,ORD00317,UPI,27010.29,Paid
PAY00318,ORD00318,Credit Card,75883.65,Paid
PAY00319,ORD00319,UPI,4769.16,Paid
PAY00320,ORD00320,Debit Card,23896.19,Paid
PAY00321,ORD00321,Debit Card,29832.34,Paid
PAY00322,ORD00322,Debit Card,36228.23,Paid
PAY00323,ORD00323,UPI,80645.9,Paid
PAY00324,ORD00324,Cash on Delivery,8736.23,Paid
PAY00325,ORD00325,UPI,53937.82,Paid
PAY00326,ORD00326,UPI,33607.54,Paid
PAY00327,ORD00327,Net Banking,145525.69,Paid
PAY00328,ORD00328,Net Banking,136497.06,Paid
PAY00329,ORD00329,Cash on Delivery,25909.55,Paid
PAY00330,ORD00330,Net Banking,11494.81,Paid
PAY00331,ORD00331,Credit Card,27899.89,Paid
PAY00332,ORD00332,Credit Card,83966.83,Paid
PAY00333,ORD00333,Net Banking,61692.82,Paid
PAY00334,ORD00334,Net Banking,15691.98,Paid
PAY00335,ORD00335,Credit Card,39491.81,Paid
PAY00336,ORD00336,UPI,102332.29,Paid
PAY00337,ORD00337,UPI,50616.75,Paid
PAY00338,ORD00338,Net Banking,38573.88,Paid
PAY00339,ORD00339,Debit Card,3590.26,Paid
PAY00340,ORD00340,Credit Card,82436.42,Paid
PAY00341,ORD00341,UPI,24697.96,Failed
PAY00342,ORD00342,Debit Card,25383.73,Paid
PAY00343,ORD00343,Debit Card,38196.66,Paid
PAY00344,ORD00344,UPI,39953.86,Paid
PAY00345,ORD00345,UPI,56573.98,Paid
PAY00346,ORD00346,UPI,133689.49,Paid
PAY00347,ORD00347,Credit Card,30936.81,Paid
PAY00348,ORD00348,Debit Card,28004.23,Paid
PAY00349,ORD00349,Credit Card,40314.79,Paid
PAY00350,ORD00350,Debit Card,49836.21,Paid
PAY00351,ORD00351,UPI,77061.45,Paid
PAY00352,ORD00352,Cash on Delivery,79513.49,Failed
PAY00353,ORD00353,UPI,31736.04,Paid
PAY00354,ORD00354,UPI,27553.07,Paid
PAY00355,ORD00355,UPI,39489.58,Paid
PAY00356,ORD00356,Debit Card,21610.34,Paid
PAY00357,ORD00357,Cash on Delivery,39746.67,Paid
PAY00358,ORD00358,Credit Card,44271.64,Paid
PAY00359,ORD00359,UPI,11081.52,Paid
PAY00360,ORD00360,Cash on Delivery,47120.71,Paid
PAY00361,ORD00361,UPI,119267.24,Paid
PAY00362,ORD00362,UPI,17916.24,Failed
PAY00363,ORD00363,Net Banking,126818.82,Paid
PAY00364,ORD00364,UPI,27605.9,Paid
PAY00365,ORD00365,Credit Card,143319.19,Paid
PAY00366,ORD00366,Debit Card,15224.91,Paid
PAY00367,ORD00367,Cash on Delivery,11381.31,Paid
PAY00368,ORD00368,Debit Card,29962.19,Paid
PAY00369,ORD00369,UPI,10804.19,Paid
PAY00370,ORD00370,Net Banking,95817.52,Paid
PAY00371,ORD00371,UPI,194269.82,Paid
PAY00372,ORD00372,Credit Card,6156.58,Paid
PAY00373,ORD00373,Debit Card,47738.78,Paid
PAY00374,ORD00374,UPI,35393.85,Paid
PAY00375,ORD00375,Net Banking,7017.27,Paid
PAY00376,ORD00376,Debit Card,35679.24,Paid
PAY00377,ORD00377,UPI,13907.16,Paid
PAY00378,ORD00378,Credit Card,158430.03,Paid
PAY00379,ORD00379,Debit Card,115965.45,Paid
PAY00380,ORD00380,Debit Card,1353.34,Paid
PAY00381,ORD00381,UPI,47363.47,Paid
PAY00382,ORD00382,Credit Card,35843.91,Paid
PAY00383,ORD00383,Debit Card,36171.02,Paid
PAY00384,ORD00384,UPI,25535.43,Paid
PAY00385,ORD00385,Credit Card,3108.13,Failed
PAY00386,ORD00386,Cash on Delivery,154272.17,Paid
PAY00387,ORD00387,Cash on Delivery,34604.55,Paid
PAY00388,ORD00388,Net Banking,12290.21,Paid
PAY00389,ORD00389,Debit Card,78992.01,Paid
PAY00390,ORD00390,UPI,41621.42,Paid
PAY00391,ORD00391,Debit Card,72134.31,Paid
PAY00392,ORD00392,Net Banking,78259.69,Paid
PAY00393,ORD00393,UPI,28514.01,Paid
PAY00394,ORD00394,Debit Card,43245.11,Paid
PAY00395,ORD00395,Credit Card,31568.88,Paid
PAY00396,ORD00396,UPI,30219.22,Paid
PAY00397,ORD00397,Credit Card,14040.78,Paid
PAY00398,ORD00398,Credit Card,84590.79,Paid
PAY00399,ORD00399,UPI,7361.05,Paid
PAY00400,ORD00400,Cash on Delivery,38782.59,Paid
PAY00401,ORD00401,UPI,100582.69,Paid
PAY00402,ORD00402,Net Banking,29908.94,Paid
PAY00403,ORD00403,Cash on Delivery,96762.28,Paid
PAY00404,ORD00404,Debit Card,203746.3,Paid
PAY00405,ORD00405,UPI,45183.47,Paid
PAY00406,ORD00406,Debit Card,73518.63,Paid
PAY00407,ORD00407,UPI,3807.67,Paid
PAY00408,ORD00408,Credit Card,99143.5,Paid
PAY00409,ORD00409,UPI,25075.11,Paid
PAY00410,ORD00410,Debit Card,299967.29,Paid
PAY00411,ORD00411,Net Banking,26981.65,Paid
PAY00412,ORD00412,Credit Card,37027.96,Paid
PAY00413,ORD00413,Debit Card,56795.32,Paid
PAY00414,ORD00414,Debit Card,45974.46,Paid
PAY00415,ORD00415,Credit Card,50704.52,Paid
PAY00416,ORD00416,Debit Card,8404.49,Paid
PAY00417,ORD00417,Credit Card,37504.03,Paid
PAY00418,ORD00418,UPI,57234.96,Paid
PAY00419,ORD00419,UPI,57050.79,Paid
PAY00420,ORD00420,UPI,39408.22,Paid
PAY00421,ORD00421,Cash on Delivery,103011.57,Paid
PAY00422,ORD00422,Credit Card,39840.65,Paid
PAY00423,ORD00423,Cash on Delivery,3586.64,Paid
PAY00424,ORD00424,Debit Card,75590.25,Paid
PAY00425,ORD00425,UPI,153260.44,Paid
PAY00426,ORD00426,UPI,216936.17,Paid
PAY00427,ORD00427,Credit Card,3170.13,Paid
PAY00428,ORD00428,Credit Card,88510.32,Paid
PAY00429,ORD00429,UPI,124883.0,Paid
PAY00430,ORD00430,Debit Card,47291.06,Paid
PAY00431,ORD00431,UPI,23451.55,Paid
PAY00432,ORD00432,UPI,30003.14,Paid
PAY00433,ORD00433,Net Banking,6413.52,Paid
PAY00434,ORD00434,UPI,5139.34,Paid
PAY00435,ORD00435,UPI,84630.48,Paid
PAY00436,ORD00436,UPI,31129.42,Paid
PAY00437,ORD00437,Debit Card,18134.72,Paid
PAY00438,ORD00438,Cash on Delivery,95284.19,Paid
PAY00439,ORD00439,Debit Card,36934.97,Paid
PAY00440,ORD00440,Debit Card,77491.47,Paid
PAY00441,ORD00441,UPI,48567.8,Paid
PAY00442,ORD00442,Credit Card,31702.1,Paid
PAY00443,ORD00443,UPI,26681.54,Paid
PAY00444,ORD00444,Net Banking,55528.37,Paid
PAY00445,ORD00445,Net Banking,57130.84,Paid
PAY00446,ORD00446,Net Banking,39341.99,Paid
PAY00447,ORD00447,UPI,39418.42,Paid
PAY00448,ORD00448,Credit Card,25574.41,Paid
PAY00449,ORD00449,UPI,13774.29,Paid
PAY00450,ORD00450,Debit Card,40941.26,Paid
PAY00451,ORD00451,Cash on Delivery,33674.97,Failed
PAY00452,ORD00452,Credit Card,48557.43,Paid
PAY00453,ORD00453,Debit Card,47571.92,Paid
PAY00454,ORD00454,UPI,69672.68,Paid
PAY00455,ORD00455,Credit Card,135588.93,Paid
PAY00456,ORD00456,Debit Card,63907.94,Paid
PAY00457,ORD00457,UPI,35685.99,Paid
PAY00458,ORD00458,Credit Card,142686.3,Paid
PAY00459,ORD00459,Credit Card,5916.38,Paid
PAY00460,ORD00460,UPI,195146.8,Paid
PAY00461,ORD00461,UPI,24284.19,Paid
PAY00462,ORD00462,UPI,47411.25,Paid
PAY00463,ORD00463,Cash on Delivery,41930.96,Paid
PAY00464,ORD00464,Credit Card,111001.82,Paid
PAY00465,ORD00465,UPI,6465.66,Paid
PAY00466,ORD00466,Net Banking,74736.33,Paid
PAY00467,ORD00467,UPI,79043.91,Paid
PAY00468,ORD00468,Credit Card,83891.09,Paid
PAY00469,ORD00469,UPI,85424.77,Paid
PAY00470,ORD00470,Credit Card,47404.98,Paid
PAY00471,ORD00471,Debit Card,56526.56,Paid
PAY00472,ORD00472,Cash on Delivery,59394.66,Paid
PAY00473,ORD00473,UPI,34998.77,Paid
PAY00474,ORD00474,Credit Card,34892.21,Paid
PAY00475,ORD00475,UPI,12043.29,Paid
PAY00476,ORD00476,UPI,53971.23,Paid
PAY00477,ORD00477,Debit Card,18766.95,Paid
PAY00478,ORD00478,Credit Card,48567.88,Paid
PAY00479,ORD00479,UPI,12760.84,Paid
PAY00480,ORD00480,Credit Card,30256.83,Paid
PAY00481,ORD00481,Credit Card,155899.06,Paid
PAY00482,ORD00482,Cash on Delivery,43289.21,Paid
PAY00483,ORD00483,UPI,81473.9,Paid
PAY00484,ORD00484,UPI,52809.39,Paid
PAY00485,ORD00485,Net Banking,173391.84,Paid
PAY00486,ORD00486,Credit Card,11486.23,Paid
PAY00487,ORD00487,UPI,22649.15,Paid
PAY00488,ORD00488,UPI,10316.68,Paid
PAY00489,ORD00489,UPI,172991.49,Paid
PAY00490,ORD00490,UPI,72084.07,Paid
PAY00491,ORD00491,UPI,146175.76,Paid
PAY00492,ORD00492,UPI,33276.29,Paid
PAY00493,ORD00493,Credit Card,30881.94,Paid
PAY00494,ORD00494,Cash on Delivery,38045.2,Paid
PAY00495,ORD00495,Debit Card,85240.59,Paid
PAY00496,ORD00496,Credit Card,22301.62,Paid
PAY00497,ORD00497,UPI,3168.41,Paid
PAY00498,ORD00498,Cash on Delivery,61743.65,Paid
PAY00499,ORD00499,Credit Card,69214.37,Paid
PAY00500,ORD00500,Debit Card,85260.93,Failed
PAY00501,ORD00501,Debit Card,39513.2,Paid
PAY00502,ORD00502,UPI,39671.53,Paid
PAY00503,ORD00503,Net Banking,21680.28,Paid
PAY00504,ORD00504,UPI,228555.92,Paid
PAY00505,ORD00505,Credit Card,29345.32,Paid
PAY00506,ORD00506,Credit Card,12796.27,Paid
PAY00507,ORD00507,Credit Card,47470.28,Paid
PAY00508,ORD00508,Net Banking,87942.19,Paid
PAY00509,ORD00509,Cash on Delivery,36180.83,Paid
PAY00510,ORD00510,UPI,91761.36,Paid
PAY00511,ORD00511,UPI,35127.48,Paid
PAY00512,ORD00512,Credit Card,41440.14,Failed
PAY00513,ORD00513,UPI,128788.13,Paid
PAY00514,ORD00514,Debit Card,1082.04,Paid
PAY00515,ORD00515,UPI,116583.78,Paid
PAY00516,ORD00516,Credit Card,34342.53,Paid
PAY00517,ORD00517,Debit Card,47160.98,Paid
PAY00518,ORD00518,Credit Card,4021.84,Paid
PAY00519,ORD00519,Cash on Delivery,14754.48,Paid
PAY00520,ORD00520,UPI,45110.35,Paid
PAY00521,ORD00521,Debit Card,16573.67,Paid
PAY00522,ORD00522,Credit Card,11501.94,Paid
PAY00523,ORD00523,Credit Card,59825.14,Paid
PAY00524,ORD00524,UPI,69117.15,Paid
PAY00525,ORD00525,Debit Card,91697.17,Paid
PAY00526,ORD00526,Net Banking,27758.56,Paid
PAY00527,ORD00527,UPI,34987.94,Paid
PAY00528,ORD00528,UPI,41209.94,Paid
PAY00529,ORD00529,Credit Card,87230.18,Paid
PAY00530,ORD00530,UPI,39689.02,Paid
PAY00531,ORD00531,Net Banking,81008.89,Paid
PAY00532,ORD00532,UPI,12744.78,Paid
PAY00533,ORD00533,Debit Card,77312.1,Paid
PAY00534,ORD00534,Net Banking,20032.21,Paid
PAY00535,ORD00535,UPI,59501.61,Paid
PAY00536,ORD00536,Cash on Delivery,26787.75,Paid
PAY00537,ORD00537,Debit Card,59796.23,Paid
PAY00538,ORD00538,Net Banking,79103.21,Paid
PAY00539,ORD00539,Credit Card,13370.53,Paid
PAY00540,ORD00540,Credit Card,21632.02,Paid
PAY00541,ORD00541,UPI,117938.07,Paid
PAY00542,ORD00542,UPI,107359.06,Paid
PAY00543,ORD00543,Cash on Delivery,22973.05,Paid
PAY00544,ORD00544,UPI,44018.08,Paid
PAY00545,ORD00545,Debit Card,31560.51,Paid
PAY00546,ORD00546,UPI,11574.31,Paid
PAY00547,ORD00547,Debit Card,5654.84,Paid
PAY00548,ORD00548,Cash on Delivery,79508.63,Paid
PAY00549,ORD00549,Cash on Delivery,100243.27,Paid
PAY00550,ORD00550,UPI,34301.18,Paid
PAY00551,ORD00551,Debit Card,18853.96,Paid
PAY00552,ORD00552,Debit Card,33223.82,Paid
PAY00553,ORD00553,UPI,49097.83,Paid
PAY00554,ORD00554,UPI,30402.64,Paid
PAY00555,ORD00555,Debit Card,86627.65,Failed
PAY00556,ORD00556,UPI,81563.01,Paid
PAY00557,ORD00557,Debit Card,41690.95,Paid
PAY00558,ORD00558,UPI,45055.97,Paid
PAY00559,ORD00559,Credit Card,32914.63,Paid
PAY00560,ORD00560,Cash on Delivery,13889.88,Paid
PAY00561,ORD00561,UPI,24270.49,Paid
PAY00562,ORD00562,UPI,11365.15,Paid
PAY00563,ORD00563,UPI,11985.99,Paid
PAY00564,ORD00564,Credit Card,6743.05,Paid
PAY00565,ORD00565,Credit Card,95226.49,Paid
PAY00566,ORD00566,UPI,59010.53,Paid
PAY00567,ORD00567,UPI,14163.73,Paid
PAY00568,ORD00568,Cash on Delivery,101128.19,Paid
PAY00569,ORD00569,Debit Card,86935.75,Paid
PAY00570,ORD00570,UPI,40131.81,Paid
PAY00571,ORD00571,Cash on Delivery,40859.65,Paid
PAY00572,ORD00572,Cash on Delivery,47692.71,Paid
PAY00573,ORD00573,Debit Card,138264.87,Paid
PAY00574,ORD00574,Debit Card,13245.26,Paid
PAY00575,ORD00575,UPI,84684.45,Paid
PAY00576,ORD00576,UPI,42377.07,Paid
PAY00577,ORD00577,UPI,98211.35,Paid
PAY00578,ORD00578,Net Banking,123467.09,Paid
PAY00579,ORD00579,Credit Card,43934.26,Paid
PAY00580,ORD00580,Credit Card,5742.34,Paid
PAY00581,ORD00581,Credit Card,11448.72,Paid
PAY00582,ORD00582,Cash on Delivery,90292.29,Paid
PAY00583,ORD00583,UPI,98674.31,Paid
PAY00584,ORD00584,Credit Card,57578.47,Paid
PAY00585,ORD00585,Debit Card,50604.52,Paid
PAY00586,ORD00586,UPI,45041.41,Paid
PAY00587,ORD00587,Net Banking,75361.11,Paid
PAY00588,ORD00588,Credit Card,12304.38,Paid
PAY00589,ORD00589,Credit Card,21734.96,Paid
PAY00590,ORD00590,UPI,10828.05,Paid
PAY00591,ORD00591,Credit Card,40967.34,Paid
PAY00592,ORD00592,UPI,62510.21,Paid
PAY00593,ORD00593,Credit Card,48342.86,Paid
PAY00594,ORD00594,Net Banking,94905.47,Paid
PAY00595,ORD00595,UPI,44655.19,Failed
PAY00596,ORD00596,UPI,37476.09,Paid
PAY00597,ORD00597,Debit Card,7950.96,Paid
PAY00598,ORD00598,Cash on Delivery,92531.47,Paid
PAY00599,ORD00599,UPI,11509.16,Paid
PAY00600,ORD00600,Credit Card,40193.69,Paid
PAY00601,ORD00601,Credit Card,26943.84,Paid
PAY00602,ORD00602,Debit Card,111531.55,Paid
PAY00603,ORD00603,Debit Card,42293.44,Paid
PAY00604,ORD00604,UPI,106109.7,Paid
PAY00605,ORD00605,UPI,18580.37,Paid
PAY00606,ORD00606,Credit Card,69684.63,Paid
PAY00607,ORD00607,UPI,12302.25,Paid
PAY00608,ORD00608,UPI,75253.62,Paid
PAY00609,ORD00609,Credit Card,26338.79,Paid
PAY00610,ORD00610,Debit Card,34323.63,Paid
PAY00611,ORD00611,Debit Card,12407.24,Paid
PAY00612,ORD00612,UPI,40561.29,Paid
PAY00613,ORD00613,UPI,29006.25,Paid
PAY00614,ORD00614,Net Banking,11926.26,Paid
PAY00615,ORD00615,UPI,106013.97,Paid
PAY00616,ORD00616,Net Banking,39561.39,Paid
PAY00617,ORD00617,Net Banking,107780.03,Paid
PAY00618,ORD00618,Net Banking,42755.58,Paid
PAY00619,ORD00619,Debit Card,96304.14,Paid
PAY00620,ORD00620,Cash on Delivery,26618.23,Paid
PAY00621,ORD00621,Cash on Delivery,25998.08,Paid
PAY00622,ORD00622,UPI,24010.58,Paid
PAY00623,ORD00623,Credit Card,46300.0,Paid
PAY00624,ORD00624,Debit Card,3593.74,Paid
PAY00625,ORD00625,UPI,80676.51,Paid
PAY00626,ORD00626,UPI,11528.0,Paid
PAY00627,ORD00627,UPI,50554.95,Paid
PAY00628,ORD00628,UPI,33867.93,Paid
PAY00629,ORD00629,UPI,94646.63,Paid
PAY00630,ORD00630,Cash on Delivery,26526.82,Paid
PAY00631,ORD00631,Net Banking,103963.5,Paid
PAY00632,ORD00632,Cash on Delivery,113905.59,Paid
PAY00633,ORD00633,Cash on Delivery,61708.43,Paid
PAY00634,ORD00634,Net Banking,25273.92,Paid
PAY00635,ORD00635,Debit Card,82187.95,Paid
PAY00636,ORD00636,Cash on Delivery,78306.66,Paid
PAY00637,ORD00637,Cash on Delivery,21164.15,Failed
PAY00638,ORD00638,UPI,145733.44,Paid
PAY00639,ORD00639,UPI,1915.71,Paid
PAY00640,ORD00640,Cash on Delivery,79363.1,Paid
PAY00641,ORD00641,Credit Card,24453.76,Paid
PAY00642,ORD00642,Cash on Delivery,8029.39,Paid
PAY00643,ORD00643,Cash on Delivery,82254.81,Paid
PAY00644,ORD00644,Credit Card,133183.45,Paid
PAY00645,ORD00645,Net Banking,90604.91,Paid
PAY00646,ORD00646,Cash on Delivery,22955.73,Paid
PAY00647,ORD00647,Net Banking,3793.19,Paid
PAY00648,ORD00648,UPI,11567.06,Paid
PAY00649,ORD00649,Net Banking,2525.67,Paid
PAY00650,ORD00650,Debit Card,31802.59,Paid
PAY00651,ORD00651,Credit Card,25956.5,Paid
PAY00652,ORD00652,Debit Card,74507.66,Paid
PAY00653,ORD00653,UPI,6095.5,Paid
PAY00654,ORD00654,Credit Card,30780.19,Paid
PAY00655,ORD00655,UPI,59533.22,Paid
PAY00656,ORD00656,Debit Card,92838.54,Paid
PAY00657,ORD00657,Debit Card,100167.5,Paid
PAY00658,ORD00658,UPI,135322.07,Paid
PAY00659,ORD00659,Debit Card,43954.18,Paid
PAY00660,ORD00660,Credit Card,37588.21,Paid
PAY00661,ORD00661,Credit Card,29102.6,Paid
PAY00662,ORD00662,Debit Card,60300.2,Paid
PAY00663,ORD00663,UPI,10739.91,Paid
PAY00664,ORD00664,UPI,116968.34,Paid
PAY00665,ORD00665,UPI,1153.48,Paid
PAY00666,ORD00666,Credit Card,14755.29,Paid
PAY00667,ORD00667,UPI,10211.62,Paid
PAY00668,ORD00668,Debit Card,34898.4,Paid
PAY00669,ORD00669,Credit Card,20207.6,Paid
PAY00670,ORD00670,UPI,54695.16,Paid
PAY00671,ORD00671,Net Banking,74316.19,Paid
PAY00672,ORD00672,UPI,41747.02,Paid
PAY00673,ORD00673,Debit Card,45266.15,Paid
PAY00674,ORD00674,Net Banking,81509.9,Paid
PAY00675,ORD00675,Debit Card,206425.49,Paid
PAY00676,ORD00676,Credit Card,12393.28,Paid
PAY00677,ORD00677,Credit Card,11543.89,Paid
PAY00678,ORD00678,UPI,23846.61,Paid
PAY00679,ORD00679,Cash on Delivery,48192.31,Paid
PAY00680,ORD00680,Credit Card,75046.22,Paid
PAY00681,ORD00681,Credit Card,52572.69,Paid
PAY00682,ORD00682,Cash on Delivery,207612.02,Paid
PAY00683,ORD00683,Debit Card,42151.97,Failed
PAY00684,ORD00684,UPI,31759.09,Paid
PAY00685,ORD00685,Credit Card,11466.79,Paid
PAY00686,ORD00686,UPI,146990.19,Failed
PAY00687,ORD00687,Debit Card,44181.44,Paid
PAY00688,ORD00688,UPI,142018.87,Paid
PAY00689,ORD00689,Debit Card,38842.04,Paid
PAY00690,ORD00690,Credit Card,45273.66,Paid
PAY00691,ORD00691,Debit Card,12393.74,Paid
PAY00692,ORD00692,Debit Card,76472.82,Paid
PAY00693,ORD00693,Credit Card,151023.53,Paid
PAY00694,ORD00694,Credit Card,52989.77,Paid
PAY00695,ORD00695,Debit Card,102514.09,Paid
PAY00696,ORD00696,Credit Card,74478.15,Paid
PAY00697,ORD00697,Net Banking,14450.76,Paid
PAY00698,ORD00698,Credit Card,152367.45,Paid
PAY00699,ORD00699,Debit Card,89365.48,Paid
PAY00700,ORD00700,Credit Card,57489.57,Paid
PAY00701,ORD00701,Net Banking,127592.67,Paid
PAY00702,ORD00702,Net Banking,6512.84,Paid
PAY00703,ORD00703,Credit Card,16901.39,Paid
PAY00704,ORD00704,Net Banking,41087.73,Failed
PAY00705,ORD00705,Debit Card,42616.94,Paid
PAY00706,ORD00706,UPI,26519.49,Paid
PAY00707,ORD00707,Debit Card,47097.47,Paid
PAY00708,ORD00708,Net Banking,15501.04,Paid
PAY00709,ORD00709,Net Banking,35737.61,Paid
PAY00710,ORD00710,Net Banking,42703.56,Paid
PAY00711,ORD00711,Debit Card,11018.92,Paid
PAY00712,ORD00712,UPI,111718.93,Paid
PAY00713,ORD00713,Net Banking,40299.45,Paid
PAY00714,ORD00714,Credit Card,11011.19,Paid
PAY00715,ORD00715,Net Banking,68132.98,Paid
PAY00716,ORD00716,UPI,38889.11,Failed
PAY00717,ORD00717,Debit Card,20172.0,Paid
PAY00718,ORD00718,Cash on Delivery,26794.86,Paid
PAY00719,ORD00719,UPI,28457.27,Paid
PAY00720,ORD00720,Credit Card,31990.72,Paid
PAY00721,ORD00721,Credit Card,16666.36,Paid
PAY00722,ORD00722,Net Banking,77997.03,Paid
PAY00723,ORD00723,Net Banking,115025.6,Paid
PAY00724,ORD00724,Credit Card,57226.07,Paid
PAY00725,ORD00725,Credit Card,12066.73,Paid
PAY00726,ORD00726,Debit Card,93053.58,Paid
PAY00727,ORD00727,Debit Card,26505.59,Paid
PAY00728,ORD00728,Credit Card,47586.15,Paid
PAY00729,ORD00729,Credit Card,42328.61,Paid
PAY00730,ORD00730,UPI,25304.1,Paid
PAY00731,ORD00731,UPI,42158.95,Paid
PAY00732,ORD00732,Debit Card,32903.14,Paid
PAY00733,ORD00733,Debit Card,41611.89,Paid
PAY00734,ORD00734,Net Banking,13813.96,Paid
PAY00735,ORD00735,UPI,16581.09,Paid
PAY00736,ORD00736,UPI,27041.57,Paid
PAY00737,ORD00737,Debit Card,44086.19,Paid
PAY00738,ORD00738,UPI,56680.3,Paid
PAY00739,ORD00739,Debit Card,45321.4,Paid
PAY00740,ORD00740,UPI,59955.52,Paid
PAY00741,ORD00741,Debit Card,101700.86,Paid
PAY00742,ORD00742,UPI,30931.64,Paid
PAY00743,ORD00743,UPI,13164.37,Paid
PAY00744,ORD00744,Credit Card,35370.93,Paid
PAY00745,ORD00745,Debit Card,61709.39,Paid
PAY00746,ORD00746,UPI,45313.18,Paid
PAY00747,ORD00747,UPI,33373.71,Paid
PAY00748,ORD00748,UPI,15502.58,Paid
PAY00749,ORD00749,UPI,16095.04,Paid
PAY00750,ORD00750,Credit Card,31715.52,Failed
PAY00751,ORD00751,Debit Card,102976.23,Paid
PAY00752,ORD00752,UPI,24288.53,Paid
PAY00753,ORD00753,Debit Card,214180.76,Paid
PAY00754,ORD00754,Credit Card,34173.09,Paid
PAY00755,ORD00755,UPI,99638.38,Paid
PAY00756,ORD00756,Credit Card,165924.28,Paid
PAY00757,ORD00757,UPI,82224.63,Paid
PAY00758,ORD00758,Credit Card,63543.03,Paid
PAY00759,ORD00759,Cash on Delivery,33883.72,Paid
PAY00760,ORD00760,Credit Card,12748.3,Failed
PAY00761,ORD00761,Credit Card,23056.09,Paid
PAY00762,ORD00762,UPI,33676.61,Paid
PAY00763,ORD00763,UPI,45506.01,Paid
PAY00764,ORD00764,Credit Card,26731.23,Paid
PAY00765,ORD00765,Cash on Delivery,3777.84,Paid
PAY00766,ORD00766,Cash on Delivery,49072.95,Paid
PAY00767,ORD00767,Credit Card,50979.33,Paid
PAY00768,ORD00768,Credit Card,26837.83,Paid
PAY00769,ORD00769,Debit Card,11619.34,Paid
PAY00770,ORD00770,Debit Card,12050.51,Paid
PAY00771,ORD00771,Debit Card,108884.67,Failed
PAY00772,ORD00772,Credit Card,50715.23,Paid
PAY00773,ORD00773,UPI,12791.98,Paid
PAY00774,ORD00774,Net Banking,70768.52,Paid
PAY00775,ORD00775,Net Banking,7072.25,Paid
PAY00776,ORD00776,UPI,12765.11,Paid
PAY00777,ORD00777,Cash on Delivery,6252.3,Paid
PAY00778,ORD00778,Debit Card,106624.46,Paid
PAY00779,ORD00779,UPI,86537.77,Paid
PAY00780,ORD00780,UPI,67740.53,Paid
PAY00781,ORD00781,UPI,43707.67,Paid
PAY00782,ORD00782,Credit Card,34577.94,Paid
PAY00783,ORD00783,UPI,12745.44,Paid
PAY00784,ORD00784,UPI,57702.96,Failed
PAY00785,ORD00785,Debit Card,163319.77,Paid
PAY00786,ORD00786,Cash on Delivery,51039.48,Paid
PAY00787,ORD00787,Debit Card,43205.37,Paid
PAY00788,ORD00788,Net Banking,105054.94,Paid
PAY00789,ORD00789,UPI,80629.68,Paid
PAY00790,ORD00790,UPI,76801.31,Paid
PAY00791,ORD00791,Debit Card,41337.9,Paid
PAY00792,ORD00792,UPI,15509.83,Paid
PAY00793,ORD00793,UPI,79120.24,Paid
PAY00794,ORD00794,Cash on Delivery,204794.49,Paid
PAY00795,ORD00795,Credit Card,39675.95,Paid
PAY00796,ORD00796,UPI,25380.03,Paid
PAY00797,ORD00797,Credit Card,29175.4,Paid
PAY00798,ORD00798,Credit Card,40825.91,Paid
PAY00799,ORD00799,Cash on Delivery,83087.7,Paid
PAY00800,ORD00800,Net Banking,13078.1,Paid
PAY00801,ORD00801,Credit Card,43705.97,Paid
PAY00802,ORD00802,Cash on Delivery,59611.07,Paid
PAY00803,ORD00803,Cash on Delivery,17970.31,Paid
PAY00804,ORD00804,Debit Card,23582.67,Paid
PAY00805,ORD00805,Net Banking,146118.37,Paid
PAY00806,ORD00806,Net Banking,25442.53,Paid
PAY00807,ORD00807,Cash on Delivery,11068.63,Paid
PAY00808,ORD00808,Credit Card,35258.09,Paid
PAY00809,ORD00809,Debit Card,26958.6,Paid
PAY00810,ORD00810,Credit Card,39223.79,Paid
PAY00811,ORD00811,UPI,103364.84,Paid
PAY00812,ORD00812,UPI,34636.2,Paid
PAY00813,ORD00813,Net Banking,33052.11,Paid
PAY00814,ORD00814,UPI,8367.89,Paid
PAY00815,ORD00815,Net Banking,60926.49,Paid
PAY00816,ORD00816,Credit Card,45325.6,Paid
PAY00817,ORD00817,Debit Card,41275.79,Paid
PAY00818,ORD00818,Net Banking,43122.5,Paid
PAY00819,ORD00819,Cash on Delivery,47675.1,Paid
PAY00820,ORD00820,UPI,5867.26,Paid
PAY00821,ORD00821,Credit Card,5534.8,Paid
PAY00822,ORD00822,Credit Card,85016.69,Paid
PAY00823,ORD00823,Net Banking,69162.16,Paid
PAY00824,ORD00824,UPI,13868.58,Paid
PAY00825,ORD00825,Credit Card,67856.96,Paid
PAY00826,ORD00826,Credit Card,180384.92,Paid
PAY00827,ORD00827,Debit Card,22658.29,Paid
PAY00828,ORD00828,Credit Card,27560.37,Paid
PAY00829,ORD00829,UPI,47377.25,Paid
PAY00830,ORD00830,Credit Card,41004.97,Paid
PAY00831,ORD00831,UPI,21810.48,Paid
PAY00832,ORD00832,Credit Card,41575.3,Paid
PAY00833,ORD00833,UPI,32546.82,Paid
PAY00834,ORD00834,UPI,39822.31,Paid
PAY00835,ORD00835,Credit Card,25297.49,Paid
PAY00836,ORD00836,Net Banking,45345.94,Paid
PAY00837,ORD00837,Cash on Delivery,52261.6,Paid
PAY00838,ORD00838,UPI,152184.8,Paid
PAY00839,ORD00839,Net Banking,74394.55,Paid
PAY00840,ORD00840,Net Banking,30595.93,Paid
PAY00841,ORD00841,Net Banking,7537.11,Paid
PAY00842,ORD00842,Cash on Delivery,77644.68,Paid
PAY00843,ORD00843,UPI,31809.3,Paid
PAY00844,ORD00844,Debit Card,57034.94,Paid
PAY00845,ORD00845,Cash on Delivery,53233.66,Paid
PAY00846,ORD00846,Cash on Delivery,17630.72,Paid
PAY00847,ORD00847,Cash on Delivery,26614.43,Paid
PAY00848,ORD00848,Credit Card,18450.04,Paid
PAY00849,ORD00849,UPI,117576.01,Paid
PAY00850,ORD00850,UPI,6715.53,Failed
PAY00851,ORD00851,Net Banking,148691.59,Paid
PAY00852,ORD00852,Net Banking,29568.4,Paid
PAY00853,ORD00853,UPI,13341.26,Paid
PAY00854,ORD00854,Credit Card,42751.11,Paid
PAY00855,ORD00855,UPI,74557.42,Paid
PAY00856,ORD00856,Debit Card,55635.19,Paid
PAY00857,ORD00857,UPI,11680.61,Paid
PAY00858,ORD00858,Credit Card,24354.48,Paid
PAY00859,ORD00859,Credit Card,45406.33,Paid
PAY00860,ORD00860,Debit Card,31565.92,Paid
PAY00861,ORD00861,UPI,44270.8,Paid
PAY00862,ORD00862,Credit Card,35782.96,Paid
PAY00863,ORD00863,Debit Card,30936.66,Paid
PAY00864,ORD00864,Credit Card,4051.31,Paid
PAY00865,ORD00865,Debit Card,128038.22,Paid
PAY00866,ORD00866,Credit Card,83103.51,Paid
PAY00867,ORD00867,UPI,23070.2,Failed
PAY00868,ORD00868,Credit Card,21432.5,Paid
PAY00869,ORD00869,Credit Card,8321.68,Paid
PAY00870,ORD00870,Credit Card,53024.14,Paid
PAY00871,ORD00871,UPI,17928.19,Paid
PAY00872,ORD00872,Credit Card,76946.26,Paid
PAY00873,ORD00873,UPI,41598.22,Paid
PAY00874,ORD00874,UPI,69560.54,Paid
PAY00875,ORD00875,Credit Card,13779.66,Paid
PAY00876,ORD00876,Debit Card,12343.96,Paid
PAY00877,ORD00877,UPI,58185.07,Paid
PAY00878,ORD00878,Cash on Delivery,132518.84,Paid
PAY00879,ORD00879,UPI,76780.37,Paid
PAY00880,ORD00880,UPI,76263.38,Paid
PAY00881,ORD00881,Credit Card,6251.11,Paid
PAY00882,ORD00882,Net Banking,92258.31,Paid
PAY00883,ORD00883,Debit Card,41617.09,Paid
PAY00884,ORD00884,UPI,37251.44,Paid
PAY00885,ORD00885,Debit Card,51566.19,Paid
PAY00886,ORD00886,Debit Card,35701.26,Paid
PAY00887,ORD00887,UPI,22662.25,Paid
PAY00888,ORD00888,UPI,30901.84,Paid
PAY00889,ORD00889,UPI,47748.32,Failed
PAY00890,ORD00890,UPI,50968.41,Paid
PAY00891,ORD00891,Debit Card,43201.32,Paid
PAY00892,ORD00892,UPI,31750.15,Paid
PAY00893,ORD00893,Debit Card,79145.77,Paid
PAY00894,ORD00894,UPI,36195.73,Paid
PAY00895,ORD00895,Net Banking,36002.27,Paid
PAY00896,ORD00896,Credit Card,38523.48,Failed
PAY00897,ORD00897,Net Banking,41150.29,Paid
PAY00898,ORD00898,Credit Card,5159.28,Paid
PAY00899,ORD00899,UPI,14656.86,Paid
PAY00900,ORD00900,UPI,100751.95,Paid
PAY00901,ORD00901,Debit Card,25108.95,Paid
PAY00902,ORD00902,Debit Card,43742.73,Paid
PAY00903,ORD00903,Debit Card,3219.63,Paid
PAY00904,ORD00904,Cash on Delivery,78648.43,Paid
PAY00905,ORD00905,Cash on Delivery,19718.74,Paid
PAY00906,ORD00906,Credit Card,30212.49,Paid
PAY00907,ORD00907,Debit Card,48790.35,Paid
PAY00908,ORD00908,UPI,46816.31,Paid
PAY00909,ORD00909,Cash on Delivery,48773.94,Paid
PAY00910,ORD00910,Net Banking,38788.02,Paid
PAY00911,ORD00911,Credit Card,6694.0,Paid
PAY00912,ORD00912,Cash on Delivery,6946.57,Paid
PAY00913,ORD00913,Credit Card,30220.15,Paid
PAY00914,ORD00914,Cash on Delivery,43956.53,Paid
PAY00915,ORD00915,Credit Card,37187.06,Paid
PAY00916,ORD00916,Net Banking,31527.23,Paid
PAY00917,ORD00917,Debit Card,237989.79,Paid
PAY00918,ORD00918,UPI,47699.69,Paid
PAY00919,ORD00919,Debit Card,25836.75,Paid
PAY00920,ORD00920,UPI,123181.76,Paid
PAY00921,ORD00921,Debit Card,158710.0,Paid
PAY00922,ORD00922,UPI,49340.99,Paid
PAY00923,ORD00923,Cash on Delivery,61759.72,Paid
PAY00924,ORD00924,UPI,29933.41,Paid
PAY00925,ORD00925,UPI,50990.16,Paid
PAY00926,ORD00926,Debit Card,33851.07,Paid
PAY00927,ORD00927,UPI,31114.77,Paid
PAY00928,ORD00928,Cash on Delivery,61954.04,Failed
PAY00929,ORD00929,Credit Card,31526.17,Paid
PAY00930,ORD00930,Debit Card,52509.18,Paid
PAY00931,ORD00931,Debit Card,24592.52,Paid
PAY00932,ORD00932,Debit Card,63102.55,Paid
PAY00933,ORD00933,Net Banking,55652.79,Paid
PAY00934,ORD00934,Credit Card,65586.04,Paid
PAY00935,ORD00935,Credit Card,49643.23,Paid
PAY00936,ORD00936,Credit Card,62892.03,Paid
PAY00937,ORD00937,UPI,60311.85,Paid
PAY00938,ORD00938,Cash on Delivery,28575.43,Paid
PAY00939,ORD00939,UPI,17701.82,Paid
PAY00940,ORD00940,UPI,71898.22,Paid
PAY00941,ORD00941,Cash on Delivery,63657.25,Failed
PAY00942,ORD00942,UPI,61771.51,Paid
PAY00943,ORD00943,UPI,39738.09,Paid
PAY00944,ORD00944,Net Banking,120205.74,Paid
PAY00945,ORD00945,UPI,2206.64,Paid
PAY00946,ORD00946,UPI,6206.67,Paid
PAY00947,ORD00947,Credit Card,61154.01,Paid
PAY00948,ORD00948,UPI,100139.4,Failed
PAY00949,ORD00949,Net Banking,26606.9,Paid
PAY00950,ORD00950,Cash on Delivery,23459.86,Paid
PAY00951,ORD00951,Net Banking,97139.32,Paid
PAY00952,ORD00952,Credit Card,3585.48,Paid
PAY00953,ORD00953,Credit Card,101422.62,Paid
PAY00954,ORD00954,Credit Card,16566.92,Paid
PAY00955,ORD00955,Credit Card,12122.83,Paid
PAY00956,ORD00956,Credit Card,58697.29,Paid
PAY00957,ORD00957,Credit Card,50951.15,Paid
PAY00958,ORD00958,Credit Card,43273.25,Paid
PAY00959,ORD00959,UPI,13306.79,Paid
PAY00960,ORD00960,Credit Card,326463.66,Paid
PAY00961,ORD00961,Cash on Delivery,37725.98,Failed
PAY00962,ORD00962,UPI,33052.69,Paid
PAY00963,ORD00963,UPI,19523.67,Paid
PAY00964,ORD00964,Net Banking,28535.69,Paid
PAY00965,ORD00965,Cash on Delivery,23841.2,Paid
PAY00966,ORD00966,Debit Card,29479.98,Paid
PAY00967,ORD00967,UPI,45740.67,Paid
PAY00968,ORD00968,Cash on Delivery,33326.63,Paid
PAY00969,ORD00969,UPI,91953.48,Paid
PAY00970,ORD00970,UPI,39129.79,Paid
PAY00971,ORD00971,UPI,98527.68,Paid
PAY00972,ORD00972,Net Banking,101403.24,Paid
PAY00973,ORD00973,Credit Card,76917.37,Paid
PAY00974,ORD00974,Cash on Delivery,3970.26,Paid
PAY00975,ORD00975,UPI,59986.82,Paid
PAY00976,ORD00976,Debit Card,13122.68,Paid
PAY00977,ORD00977,Cash on Delivery,42259.14,Paid
PAY00978,ORD00978,UPI,33813.59,Paid
PAY00979,ORD00979,Credit Card,11291.25,Paid
PAY00980,ORD00980,Credit Card,47936.62,Paid
PAY00981,ORD00981,UPI,14164.21,Paid
PAY00982,ORD00982,UPI,17619.59,Paid
PAY00983,ORD00983,Net Banking,16018.25,Paid
PAY00984,ORD00984,UPI,87379.92,Paid
PAY00985,ORD00985,UPI,181781.45,Paid
PAY00986,ORD00986,UPI,36170.53,Paid
PAY00987,ORD00987,UPI,109157.74,Paid
PAY00988,ORD00988,UPI,123181.54,Paid
PAY00989,ORD00989,UPI,15579.69,Paid
PAY00990,ORD00990,Credit Card,111386.8,Paid
PAY00991,ORD00991,Debit Card,165028.4,Paid
PAY00992,ORD00992,UPI,47444.86,Paid
PAY00993,ORD00993,Cash on Delivery,82841.55,Paid
PAY00994,ORD00994,Cash on Delivery,29341.42,Paid
PAY00995,ORD00995,Debit Card,39801.38,Paid
PAY00996,ORD00996,Cash on Delivery,52128.53,Paid
PAY00997,ORD00997,Net Banking,30113.75,Paid
PAY00998,ORD00998,UPI,26439.52,Paid
PAY00999,ORD00999,UPI,27024.08,Paid
PAY01000,ORD01000,Debit Card,43272.4,Paid
PAY01001,ORD01001,Credit Card,10464.78,Paid
PAY01002,ORD01002,Credit Card,50916.41,Paid
PAY01003,ORD01003,UPI,61672.51,Paid
PAY01004,ORD01004,Cash on Delivery,141736.34,Paid
PAY01005,ORD01005,Debit Card,3448.94,Paid
PAY01006,ORD01006,Cash on Delivery,36938.3,Paid
PAY01007,ORD01007,Debit Card,21173.36,Paid
PAY01008,ORD01008,Debit Card,1318.72,Paid
PAY01009,ORD01009,UPI,27845.13,Paid
PAY01010,ORD01010,Debit Card,45327.8,Paid
PAY01011,ORD01011,UPI,65914.55,Paid
PAY01012,ORD01012,UPI,231747.07,Paid
PAY01013,ORD01013,Credit Card,130926.52,Paid
PAY01014,ORD01014,Debit Card,44220.12,Paid
PAY01015,ORD01015,UPI,107642.23,Paid
PAY01016,ORD01016,UPI,90985.78,Paid
PAY01017,ORD01017,UPI,99660.59,Paid
PAY01018,ORD01018,UPI,39767.8,Paid
PAY01019,ORD01019,Cash on Delivery,19444.58,Paid
PAY01020,ORD01020,Cash on Delivery,81682.28,Paid
PAY01021,ORD01021,Credit Card,22646.38,Paid
PAY01022,ORD01022,Cash on Delivery,79044.19,Paid
PAY01023,ORD01023,UPI,2964.42,Paid
PAY01024,ORD01024,Debit Card,13929.95,Paid
PAY01025,ORD01025,Net Banking,18621.37,Paid
PAY01026,ORD01026,UPI,5414.98,Paid
PAY01027,ORD01027,UPI,20631.59,Paid
PAY01028,ORD01028,Cash on Delivery,81511.7,Paid
PAY01029,ORD01029,UPI,54997.95,Paid
PAY01030,ORD01030,Cash on Delivery,31930.43,Paid
PAY01031,ORD01031,Credit Card,92515.36,Paid
PAY01032,ORD01032,UPI,80343.34,Paid
PAY01033,ORD01033,UPI,34668.62,Paid
PAY01034,ORD01034,Net Banking,44557.4,Paid
PAY01035,ORD01035,Debit Card,67925.16,Paid
PAY01036,ORD01036,UPI,109619.48,Paid
PAY01037,ORD01037,UPI,46276.04,Paid
PAY01038,ORD01038,UPI,43263.42,Paid
PAY01039,ORD01039,UPI,26482.55,Paid
PAY01040,ORD01040,Net Banking,59945.57,Paid
PAY01041,ORD01041,Net Banking,129766.77,Paid
PAY01042,ORD01042,UPI,55742.59,Paid
PAY01043,ORD01043,Cash on Delivery,84941.4,Paid
PAY01044,ORD01044,Credit Card,90732.49,Paid
PAY01045,ORD01045,Credit Card,6373.51,Paid
PAY01046,ORD01046,UPI,6368.5,Paid
PAY01047,ORD01047,Net Banking,2576.34,Paid
PAY01048,ORD01048,Debit Card,135854.17,Paid
PAY01049,ORD01049,Debit Card,77152.58,Paid
PAY01050,ORD01050,UPI,12443.14,Paid
PAY01051,ORD01051,Credit Card,38014.19,Paid
PAY01052,ORD01052,Credit Card,53219.51,Paid
PAY01053,ORD01053,Cash on Delivery,67630.61,Paid
PAY01054,ORD01054,Credit Card,106590.02,Paid
PAY01055,ORD01055,Debit Card,16521.49,Paid
PAY01056,ORD01056,Credit Card,98389.47,Paid
PAY01057,ORD01057,UPI,79841.37,Paid
PAY01058,ORD01058,UPI,135142.84,Paid
PAY01059,ORD01059,Credit Card,30190.16,Paid
PAY01060,ORD01060,Credit Card,23993.3,Paid
PAY01061,ORD01061,Credit Card,16917.09,Paid
PAY01062,ORD01062,Debit Card,41761.19,Paid
PAY01063,ORD01063,Debit Card,2859.83,Failed
PAY01064,ORD01064,UPI,50727.89,Paid
PAY01065,ORD01065,Cash on Delivery,35685.26,Paid
PAY01066,ORD01066,Net Banking,58198.37,Failed
PAY01067,ORD01067,Debit Card,28602.2,Paid
PAY01068,ORD01068,Debit Card,18299.57,Paid
PAY01069,ORD01069,Cash on Delivery,51889.29,Paid
PAY01070,ORD01070,UPI,41591.95,Paid
PAY01071,ORD01071,UPI,15796.33,Paid
PAY01072,ORD01072,Net Banking,43768.74,Paid
PAY01073,ORD01073,Cash on Delivery,40815.65,Paid
PAY01074,ORD01074,UPI,27940.48,Paid
PAY01075,ORD01075,UPI,35694.73,Paid
PAY01076,ORD01076,Debit Card,51801.46,Paid
PAY01077,ORD01077,Credit Card,54710.68,Paid
PAY01078,ORD01078,Credit Card,44707.26,Paid
PAY01079,ORD01079,UPI,25287.3,Paid
PAY01080,ORD01080,Net Banking,14776.39,Paid
PAY01081,ORD01081,Debit Card,88479.32,Paid
PAY01082,ORD01082,Cash on Delivery,39158.95,Paid
PAY01083,ORD01083,Debit Card,38809.54,Paid
PAY01084,ORD01084,UPI,49559.25,Paid
PAY01085,ORD01085,Cash on Delivery,90933.28,Paid
PAY01086,ORD01086,Net Banking,63674.75,Paid
PAY01087,ORD01087,Debit Card,103560.14,Failed
PAY01088,ORD01088,UPI,27929.47,Paid
PAY01089,ORD01089,Credit Card,149265.42,Paid
PAY01090,ORD01090,UPI,25983.03,Paid
PAY01091,ORD01091,Debit Card,46250.29,Paid
PAY01092,ORD01092,UPI,25058.06,Paid
PAY01093,ORD01093,Cash on Delivery,34703.43,Paid
PAY01094,ORD01094,UPI,97455.8,Paid
PAY01095,ORD01095,Net Banking,18290.42,Paid
PAY01096,ORD01096,Net Banking,30698.41,Paid
PAY01097,ORD01097,Net Banking,165798.48,Paid
PAY01098,ORD01098,Credit Card,18713.5,Paid
PAY01099,ORD01099,UPI,25819.94,Paid
PAY01100,ORD01100,Net Banking,31004.32,Paid
PAY01101,ORD01101,Credit Card,49821.98,Paid
PAY01102,ORD01102,Cash on Delivery,48516.88,Paid
PAY01103,ORD01103,Credit Card,39626.22,Paid
PAY01104,ORD01104,UPI,84837.1,Paid
PAY01105,ORD01105,UPI,7074.24,Paid
PAY01106,ORD01106,Cash on Delivery,37673.41,Paid
PAY01107,ORD01107,UPI,70585.06,Paid
PAY01108,ORD01108,Cash on Delivery,86137.39,Paid
PAY01109,ORD01109,UPI,38876.67,Paid
PAY01110,ORD01110,Credit Card,12575.35,Paid
PAY01111,ORD01111,UPI,83661.49,Paid
PAY01112,ORD01112,Cash on Delivery,37713.52,Paid
PAY01113,ORD01113,Debit Card,83989.93,Paid
PAY01114,ORD01114,UPI,87293.67,Paid
PAY01115,ORD01115,Debit Card,50950.27,Failed
PAY01116,ORD01116,Net Banking,3598.88,Paid
PAY01117,ORD01117,Net Banking,197578.91,Paid
PAY01118,ORD01118,UPI,31851.4,Paid
PAY01119,ORD01119,UPI,29940.77,Paid
PAY01120,ORD01120,Credit Card,60446.54,Paid
PAY01121,ORD01121,Net Banking,47731.52,Paid
PAY01122,ORD01122,Credit Card,50510.6,Paid
PAY01123,ORD01123,Credit Card,26596.01,Paid
PAY01124,ORD01124,Cash on Delivery,26642.96,Paid
PAY01125,ORD01125,Credit Card,11476.4,Paid
PAY01126,ORD01126,Net Banking,12395.7,Failed
PAY01127,ORD01127,Cash on Delivery,219547.62,Paid
PAY01128,ORD01128,Net Banking,42906.87,Paid
PAY01129,ORD01129,Cash on Delivery,69801.09,Paid
PAY01130,ORD01130,UPI,52950.44,Paid
PAY01131,ORD01131,UPI,34322.66,Paid
PAY01132,ORD01132,Credit Card,194458.47,Paid
PAY01133,ORD01133,Net Banking,37453.45,Paid
PAY01134,ORD01134,UPI,38492.17,Paid
PAY01135,ORD01135,UPI,120240.86,Paid
PAY01136,ORD01136,UPI,27599.16,Paid
PAY01137,ORD01137,Debit Card,139491.8,Failed
PAY01138,ORD01138,Net Banking,27603.39,Paid
PAY01139,ORD01139,Credit Card,136388.22,Paid
PAY01140,ORD01140,UPI,40345.84,Paid
PAY01141,ORD01141,UPI,82954.5,Paid
PAY01142,ORD01142,UPI,15548.51,Paid
PAY01143,ORD01143,UPI,11129.21,Paid
PAY01144,ORD01144,UPI,12983.93,Paid
PAY01145,ORD01145,Net Banking,31608.15,Paid
PAY01146,ORD01146,Cash on Delivery,36637.23,Paid
PAY01147,ORD01147,UPI,90049.99,Paid
PAY01148,ORD01148,Credit Card,50211.22,Paid
PAY01149,ORD01149,Credit Card,5438.66,Paid
PAY01150,ORD01150,Cash on Delivery,28564.43,Paid
PAY01151,ORD01151,Cash on Delivery,33660.49,Paid
PAY01152,ORD01152,Net Banking,152083.1,Paid
PAY01153,ORD01153,UPI,156650.51,Paid
PAY01154,ORD01154,Credit Card,16222.95,Paid
PAY01155,ORD01155,UPI,34623.51,Paid
PAY01156,ORD01156,Net Banking,141483.59,Paid
PAY01157,ORD01157,Credit Card,23745.31,Paid
PAY01158,ORD01158,Net Banking,64415.1,Paid
PAY01159,ORD01159,Credit Card,88901.98,Paid
PAY01160,ORD01160,Cash on Delivery,7093.03,Paid
PAY01161,ORD01161,Debit Card,21986.7,Paid
PAY01162,ORD01162,Credit Card,40868.67,Paid
PAY01163,ORD01163,UPI,39000.87,Paid
PAY01164,ORD01164,Cash on Delivery,12388.55,Paid
PAY01165,ORD01165,UPI,161054.61,Paid
PAY01166,ORD01166,UPI,35405.25,Paid
PAY01167,ORD01167,Credit Card,13689.9,Paid
PAY01168,ORD01168,UPI,1074.93,Paid
PAY01169,ORD01169,Debit Card,136033.44,Paid
PAY01170,ORD01170,Credit Card,31400.47,Paid
PAY01171,ORD01171,Debit Card,51229.54,Paid
PAY01172,ORD01172,Credit Card,24157.26,Paid
PAY01173,ORD01173,Net Banking,62048.17,Paid
PAY01174,ORD01174,UPI,98693.05,Paid
PAY01175,ORD01175,UPI,35273.75,Paid
PAY01176,ORD01176,UPI,5482.82,Paid
PAY01177,ORD01177,Debit Card,90799.97,Paid
PAY01178,ORD01178,Credit Card,79397.57,Paid
PAY01179,ORD01179,UPI,6419.73,Paid
PAY01180,ORD01180,Net Banking,41456.52,Paid
PAY01181,ORD01181,Cash on Delivery,32865.75,Paid
PAY01182,ORD01182,Credit Card,3422.38,Paid
PAY01183,ORD01183,UPI,45371.37,Paid
PAY01184,ORD01184,Credit Card,69184.55,Paid
PAY01185,ORD01185,Cash on Delivery,36556.91,Paid
PAY01186,ORD01186,UPI,12798.04,Paid
PAY01187,ORD01187,Credit Card,14538.6,Paid
PAY01188,ORD01188,Debit Card,68233.13,Paid
PAY01189,ORD01189,Credit Card,30584.26,Paid
PAY01190,ORD01190,UPI,116517.56,Paid
PAY01191,ORD01191,Credit Card,16902.34,Paid
PAY01192,ORD01192,Net Banking,30892.21,Paid
PAY01193,ORD01193,Credit Card,25418.93,Paid
PAY01194,ORD01194,Net Banking,67608.07,Paid
PAY01195,ORD01195,Cash on Delivery,37643.15,Failed
PAY01196,ORD01196,UPI,27803.85,Paid
PAY01197,ORD01197,Credit Card,21363.75,Failed
PAY01198,ORD01198,Debit Card,94396.83,Paid
PAY01199,ORD01199,Net Banking,17509.68,Paid
PAY01200,ORD01200,Debit Card,60752.02,Paid
PAY01201,ORD01201,UPI,76525.43,Paid
PAY01202,ORD01202,Credit Card,15247.06,Paid
PAY01203,ORD01203,UPI,29384.79,Paid
PAY01204,ORD01204,UPI,18857.5,Paid
PAY01205,ORD01205,UPI,21701.38,Paid
PAY01206,ORD01206,Credit Card,19055.62,Paid
PAY01207,ORD01207,Net Banking,35847.22,Paid
PAY01208,ORD01208,Cash on Delivery,43967.91,Paid
PAY01209,ORD01209,Cash on Delivery,1163.84,Paid
PAY01210,ORD01210,UPI,26652.62,Paid
PAY01211,ORD01211,UPI,3782.66,Paid
PAY01212,ORD01212,Credit Card,63865.53,Paid
PAY01213,ORD01213,Debit Card,25576.26,Paid
PAY01214,ORD01214,Cash on Delivery,76487.18,Paid
PAY01215,ORD01215,Cash on Delivery,43268.62,Paid
PAY01216,ORD01216,Debit Card,77158.47,Paid
PAY01217,ORD01217,Cash on Delivery,118853.36,Paid
PAY01218,ORD01218,UPI,84840.93,Paid
PAY01219,ORD01219,Debit Card,115787.71,Paid
PAY01220,ORD01220,Credit Card,106083.94,Failed
PAY01221,ORD01221,UPI,17051.27,Paid
PAY01222,ORD01222,Debit Card,74308.33,Paid
PAY01223,ORD01223,Cash on Delivery,27779.82,Paid
PAY01224,ORD01224,Credit Card,68319.68,Paid
PAY01225,ORD01225,UPI,6583.56,Paid
PAY01226,ORD01226,Credit Card,24339.18,Paid
PAY01227,ORD01227,Net Banking,14391.01,Paid
PAY01228,ORD01228,UPI,77820.79,Paid
PAY01229,ORD01229,Cash on Delivery,7534.3,Paid
PAY01230,ORD01230,Credit Card,44243.32,Paid
PAY01231,ORD01231,UPI,115818.17,Paid
PAY01232,ORD01232,Net Banking,2932.14,Paid
PAY01233,ORD01233,Debit Card,13226.47,Paid
PAY01234,ORD01234,Cash on Delivery,105817.82,Paid
PAY01235,ORD01235,UPI,12672.65,Paid
PAY01236,ORD01236,UPI,33229.21,Paid
PAY01237,ORD01237,UPI,84705.69,Failed
PAY01238,ORD01238,Cash on Delivery,32755.53,Paid
PAY01239,ORD01239,UPI,45343.24,Paid
PAY01240,ORD01240,Credit Card,57118.24,Paid
PAY01241,ORD01241,Debit Card,3233.51,Paid
PAY01242,ORD01242,Net Banking,25533.26,Paid
PAY01243,ORD01243,Credit Card,51669.67,Paid
PAY01244,ORD01244,Debit Card,63321.89,Paid
PAY01245,ORD01245,Debit Card,59939.85,Failed
PAY01246,ORD01246,Credit Card,39820.67,Paid
PAY01247,ORD01247,Debit Card,16723.51,Paid
PAY01248,ORD01248,Cash on Delivery,33961.19,Paid
PAY01249,ORD01249,Credit Card,45505.66,Paid
PAY01250,ORD01250,UPI,5758.89,Paid
PAY01251,ORD01251,UPI,98062.79,Paid
PAY01252,ORD01252,Net Banking,48084.98,Paid
PAY01253,ORD01253,UPI,101137.23,Paid
PAY01254,ORD01254,Cash on Delivery,39260.42,Paid
PAY01255,ORD01255,Debit Card,18953.32,Paid
PAY01256,ORD01256,Cash on Delivery,159274.63,Paid
PAY01257,ORD01257,UPI,24260.47,Paid
PAY01258,ORD01258,Credit Card,29826.75,Paid
PAY01259,ORD01259,Credit Card,37705.02,Paid
PAY01260,ORD01260,Credit Card,30711.22,Paid
PAY01261,ORD01261,Credit Card,25817.9,Paid
PAY01262,ORD01262,Credit Card,42677.67,Failed
PAY01263,ORD01263,UPI,6587.33,Paid
PAY01264,ORD01264,Credit Card,43945.01,Paid
PAY01265,ORD01265,Debit Card,11405.79,Paid
PAY01266,ORD01266,Net Banking,39687.69,Failed
PAY01267,ORD01267,UPI,113440.95,Paid
PAY01268,ORD01268,Debit Card,35305.35,Paid
PAY01269,ORD01269,UPI,19326.0,Paid
PAY01270,ORD01270,Credit Card,58644.76,Paid
PAY01271,ORD01271,Debit Card,30183.31,Paid
PAY01272,ORD01272,Net Banking,148941.1,Paid
PAY01273,ORD01273,Debit Card,87301.69,Paid
PAY01274,ORD01274,UPI,26008.3,Paid
PAY01275,ORD01275,Debit Card,6762.01,Paid
PAY01276,ORD01276,Net Banking,71408.36,Paid
PAY01277,ORD01277,UPI,38405.47,Paid
PAY01278,ORD01278,Credit Card,65448.13,Paid
PAY01279,ORD01279,Credit Card,45210.49,Paid
PAY01280,ORD01280,UPI,99141.64,Paid
PAY01281,ORD01281,Cash on Delivery,4382.14,Paid
PAY01282,ORD01282,UPI,24165.62,Paid
PAY01283,ORD01283,UPI,31715.46,Paid
PAY01284,ORD01284,UPI,3063.99,Failed
PAY01285,ORD01285,Credit Card,30882.15,Paid
PAY01286,ORD01286,Debit Card,50613.7,Paid
PAY01287,ORD01287,UPI,41953.64,Paid
PAY01288,ORD01288,Net Banking,20692.01,Paid
PAY01289,ORD01289,Debit Card,3858.77,Paid
PAY01290,ORD01290,Cash on Delivery,193464.68,Paid
PAY01291,ORD01291,Credit Card,1286.16,Paid
PAY01292,ORD01292,Cash on Delivery,29307.76,Paid
PAY01293,ORD01293,Debit Card,33736.84,Paid
PAY01294,ORD01294,Credit Card,188542.89,Paid
PAY01295,ORD01295,Debit Card,14495.47,Paid
PAY01296,ORD01296,UPI,21833.68,Paid
PAY01297,ORD01297,UPI,47137.1,Paid
PAY01298,ORD01298,Credit Card,13318.8,Paid
PAY01299,ORD01299,UPI,28869.04,Paid
PAY01300,ORD01300,Credit Card,33603.63,Paid
PAY01301,ORD01301,Debit Card,2537.32,Paid
PAY01302,ORD01302,Debit Card,12360.34,Paid
PAY01303,ORD01303,UPI,36614.76,Paid
PAY01304,ORD01304,UPI,10876.13,Paid
PAY01305,ORD01305,Cash on Delivery,55619.45,Paid
PAY01306,ORD01306,Cash on Delivery,124803.18,Paid
PAY01307,ORD01307,Net Banking,118517.22,Paid
PAY01308,ORD01308,Credit Card,19089.42,Paid
PAY01309,ORD01309,Credit Card,44208.82,Paid
PAY01310,ORD01310,Debit Card,77921.02,Paid
PAY01311,ORD01311,Credit Card,38234.28,Paid
PAY01312,ORD01312,UPI,33269.52,Paid
PAY01313,ORD01313,Net Banking,78532.11,Paid
PAY01314,ORD01314,Cash on Delivery,2891.48,Paid
PAY01315,ORD01315,UPI,62235.09,Paid
PAY01316,ORD01316,Credit Card,74876.94,Paid
PAY01317,ORD01317,Debit Card,79325.46,Paid
PAY01318,ORD01318,UPI,16076.58,Paid
PAY01319,ORD01319,UPI,17445.84,Paid
PAY01320,ORD01320,UPI,13490.51,Paid
PAY01321,ORD01321,UPI,45005.22,Paid
PAY01322,ORD01322,Credit Card,18950.98,Paid
PAY01323,ORD01323,Debit Card,21738.95,Paid
PAY01324,ORD01324,Debit Card,42218.65,Paid
PAY01325,ORD01325,UPI,19107.6,Paid
PAY01326,ORD01326,Credit Card,24156.79,Paid
PAY01327,ORD01327,UPI,89317.51,Paid
PAY01328,ORD01328,Net Banking,47427.03,Paid
PAY01329,ORD01329,UPI,5526.26,Paid
PAY01330,ORD01330,UPI,113859.57,Paid
PAY01331,ORD01331,UPI,7363.49,Paid
PAY01332,ORD01332,UPI,24761.06,Paid
PAY01333,ORD01333,UPI,79664.77,Paid
PAY01334,ORD01334,Cash on Delivery,7158.49,Paid
PAY01335,ORD01335,UPI,94368.84,Paid
PAY01336,ORD01336,Debit Card,153973.03,Failed
PAY01337,ORD01337,UPI,41570.91,Paid
PAY01338,ORD01338,Credit Card,53994.71,Paid
PAY01339,ORD01339,Net Banking,63235.62,Paid
PAY01340,ORD01340,UPI,21498.02,Paid
PAY01341,ORD01341,UPI,47454.86,Paid
PAY01342,ORD01342,Net Banking,142020.56,Paid
PAY01343,ORD01343,UPI,14946.02,Paid
PAY01344,ORD01344,Cash on Delivery,25493.31,Paid
PAY01345,ORD01345,Net Banking,23050.22,Paid
PAY01346,ORD01346,UPI,19073.96,Paid
PAY01347,ORD01347,Credit Card,107708.17,Paid
PAY01348,ORD01348,UPI,31945.89,Paid
PAY01349,ORD01349,Credit Card,163377.07,Paid
PAY01350,ORD01350,UPI,34806.54,Paid
PAY01351,ORD01351,Debit Card,51110.13,Paid
PAY01352,ORD01352,Debit Card,31664.39,Paid
PAY01353,ORD01353,Credit Card,43747.72,Paid
PAY01354,ORD01354,UPI,37706.59,Paid
PAY01355,ORD01355,UPI,6785.42,Paid
PAY01356,ORD01356,UPI,82430.64,Paid
PAY01357,ORD01357,Cash on Delivery,207972.29,Paid
PAY01358,ORD01358,Net Banking,20576.04,Paid
PAY01359,ORD01359,Net Banking,29211.8,Paid
PAY01360,ORD01360,Credit Card,79398.62,Paid
PAY01361,ORD01361,Credit Card,47768.12,Paid
PAY01362,ORD01362,UPI,129544.18,Paid
PAY01363,ORD01363,Credit Card,124882.88,Paid
PAY01364,ORD01364,Net Banking,88526.4,Paid
PAY01365,ORD01365,UPI,31412.87,Paid
PAY01366,ORD01366,UPI,16303.64,Paid
PAY01367,ORD01367,UPI,2606.62,Paid
PAY01368,ORD01368,UPI,36180.48,Paid
PAY01369,ORD01369,UPI,14420.38,Paid
PAY01370,ORD01370,Credit Card,29969.03,Paid
PAY01371,ORD01371,UPI,40880.02,Paid
PAY01372,ORD01372,Net Banking,1105.91,Paid
PAY01373,ORD01373,Debit Card,38725.35,Paid
PAY01374,ORD01374,UPI,120428.9,Paid
PAY01375,ORD01375,Debit Card,47435.36,Paid
PAY01376,ORD01376,UPI,42689.49,Paid
PAY01377,ORD01377,Debit Card,15047.61,Paid
PAY01378,ORD01378,Credit Card,1918.71,Paid
PAY01379,ORD01379,Debit Card,176875.35,Paid
PAY01380,ORD01380,UPI,65722.89,Paid
PAY01381,ORD01381,Net Banking,48713.64,Paid
PAY01382,ORD01382,UPI,13889.73,Paid
PAY01383,ORD01383,UPI,127177.08,Paid
PAY01384,ORD01384,UPI,112032.54,Paid
PAY01385,ORD01385,Credit Card,31460.43,Paid
PAY01386,ORD01386,Debit Card,7182.65,Paid
PAY01387,ORD01387,UPI,23436.29,Paid
PAY01388,ORD01388,UPI,13187.15,Paid
PAY01389,ORD01389,Cash on Delivery,68869.91,Paid
PAY01390,ORD01390,UPI,26884.62,Paid
PAY01391,ORD01391,UPI,17306.9,Paid
PAY01392,ORD01392,Cash on Delivery,42257.79,Paid
PAY01393,ORD01393,Debit Card,55481.09,Failed
PAY01394,ORD01394,UPI,29112.14,Paid
PAY01395,ORD01395,UPI,99098.8,Paid
PAY01396,ORD01396,Credit Card,39698.58,Paid
PAY01397,ORD01397,Credit Card,65153.11,Paid
PAY01398,ORD01398,UPI,26865.12,Paid
PAY01399,ORD01399,UPI,92219.03,Paid
PAY01400,ORD01400,Cash on Delivery,25108.72,Paid
PAY01401,ORD01401,Debit Card,48512.47,Paid
PAY01402,ORD01402,Credit Card,106960.98,Paid
PAY01403,ORD01403,Credit Card,43482.85,Paid
PAY01404,ORD01404,Net Banking,38315.07,Paid
PAY01405,ORD01405,UPI,158560.29,Paid
PAY01406,ORD01406,UPI,13772.64,Paid
PAY01407,ORD01407,UPI,59473.02,Paid
PAY01408,ORD01408,Credit Card,101397.01,Paid
PAY01409,ORD01409,Credit Card,35900.73,Paid
PAY01410,ORD01410,Credit Card,6010.7,Paid
PAY01411,ORD01411,Net Banking,64339.16,Paid
PAY01412,ORD01412,UPI,44965.2,Paid
PAY01413,ORD01413,Debit Card,37291.11,Paid
PAY01414,ORD01414,UPI,167717.23,Paid
PAY01415,ORD01415,Debit Card,63731.14,Paid
PAY01416,ORD01416,Debit Card,11469.93,Paid
PAY01417,ORD01417,Debit Card,35702.39,Paid
PAY01418,ORD01418,UPI,39678.13,Paid
PAY01419,ORD01419,UPI,4193.57,Paid
PAY01420,ORD01420,Debit Card,44883.08,Paid
PAY01421,ORD01421,UPI,28511.82,Paid
PAY01422,ORD01422,Credit Card,14727.73,Paid
PAY01423,ORD01423,UPI,43697.82,Paid
PAY01424,ORD01424,Net Banking,24894.06,Paid
PAY01425,ORD01425,Debit Card,13855.47,Paid
PAY01426,ORD01426,UPI,98454.02,Paid
PAY01427,ORD01427,Credit Card,15275.05,Paid
PAY01428,ORD01428,Net Banking,78729.82,Paid
PAY01429,ORD01429,UPI,83245.12,Paid
PAY01430,ORD01430,Credit Card,38870.17,Paid
PAY01431,ORD01431,UPI,95389.85,Paid
PAY01432,ORD01432,Credit Card,24697.25,Paid
PAY01433,ORD01433,Net Banking,41085.63,Paid
PAY01434,ORD01434,Cash on Delivery,32849.92,Paid
PAY01435,ORD01435,Cash on Delivery,35133.89,Paid
PAY01436,ORD01436,UPI,147218.08,Paid
PAY01437,ORD01437,UPI,29979.21,Paid
PAY01438,ORD01438,UPI,15526.95,Paid
PAY01439,ORD01439,UPI,84662.67,Paid
PAY01440,ORD01440,Credit Card,99789.03,Paid
PAY01441,ORD01441,Debit Card,84328.1,Paid
PAY01442,ORD01442,Credit Card,39771.65,Paid
PAY01443,ORD01443,Net Banking,60297.92,Paid
PAY01444,ORD01444,Cash on Delivery,107272.83,Failed
PAY01445,ORD01445,UPI,34686.38,Paid
PAY01446,ORD01446,UPI,34595.45,Paid
PAY01447,ORD01447,UPI,7512.17,Paid
PAY01448,ORD01448,Credit Card,45016.86,Paid
PAY01449,ORD01449,Net Banking,70478.0,Paid
PAY01450,ORD01450,UPI,27813.09,Paid
PAY01451,ORD01451,Credit Card,99186.68,Paid
PAY01452,ORD01452,Net Banking,39756.56,Paid
PAY01453,ORD01453,UPI,6967.97,Paid
PAY01454,ORD01454,UPI,69880.46,Paid
PAY01455,ORD01455,Cash on Delivery,22608.41,Paid
PAY01456,ORD01456,Debit Card,92545.06,Paid
PAY01457,ORD01457,Credit Card,37102.11,Paid
PAY01458,ORD01458,Net Banking,151390.07,Paid
PAY01459,ORD01459,Credit Card,5873.3,Paid
PAY01460,ORD01460,Cash on Delivery,42719.3,Paid
PAY01461,ORD01461,UPI,51534.65,Paid
PAY01462,ORD01462,UPI,49131.58,Paid
PAY01463,ORD01463,Credit Card,108470.76,Paid
PAY01464,ORD01464,Credit Card,11966.39,Paid
PAY01465,ORD01465,Credit Card,62232.5,Paid
PAY01466,ORD01466,Cash on Delivery,58683.73,Paid
PAY01467,ORD01467,Cash on Delivery,67485.25,Paid
PAY01468,ORD01468,Net Banking,50954.13,Paid
PAY01469,ORD01469,Credit Card,70527.97,Paid
PAY01470,ORD01470,Cash on Delivery,25291.11,Paid
PAY01471,ORD01471,Net Banking,48203.65,Paid
PAY01472,ORD01472,UPI,35782.65,Paid
PAY01473,ORD01473,Credit Card,13190.39,Paid
PAY01474,ORD01474,Debit Card,30548.56,Paid
PAY01475,ORD01475,Credit Card,110204.87,Paid
PAY01476,ORD01476,UPI,2120.18,Paid
PAY01477,ORD01477,Debit Card,85644.87,Paid
PAY01478,ORD01478,UPI,69852.73,Paid
PAY01479,ORD01479,Credit Card,23912.19,Paid
PAY01480,ORD01480,Credit Card,99121.04,Paid
PAY01481,ORD01481,Debit Card,89076.81,Paid
PAY01482,ORD01482,Credit Card,7091.45,Paid
PAY01483,ORD01483,UPI,37467.09,Paid
PAY01484,ORD01484,Debit Card,32768.7,Paid
PAY01485,ORD01485,Net Banking,25424.68,Paid
PAY01486,ORD01486,UPI,30223.83,Paid
PAY01487,ORD01487,Net Banking,30894.07,Paid
PAY01488,ORD01488,UPI,44882.83,Paid
PAY01489,ORD01489,Net Banking,38459.35,Paid
PAY01490,ORD01490,Credit Card,51229.67,Paid
PAY01491,ORD01491,Credit Card,57093.74,Paid
PAY01492,ORD01492,Cash on Delivery,31659.41,Paid
PAY01493,ORD01493,Cash on Delivery,19035.26,Paid
PAY01494,ORD01494,Cash on Delivery,103864.3,Paid
PAY01495,ORD01495,Net Banking,20699.26,Paid
PAY01496,ORD01496,Credit Card,82678.96,Paid
PAY01497,ORD01497,Credit Card,33568.96,Paid
PAY01498,ORD01498,UPI,25598.72,Paid
PAY01499,ORD01499,UPI,30871.41,Paid
PAY01500,ORD01500,Cash on Delivery,20120.73,Paid
PAY01501,ORD01501,UPI,104314.53,Paid
PAY01502,ORD01502,Cash on Delivery,16886.88,Paid
PAY01503,ORD01503,UPI,79998.78,Paid
PAY01504,ORD01504,Credit Card,114743.25,Paid
PAY01505,ORD01505,Net Banking,40123.61,Paid
PAY01506,ORD01506,Debit Card,11748.41,Paid
PAY01507,ORD01507,Net Banking,78687.08,Paid
PAY01508,ORD01508,Cash on Delivery,68439.79,Paid
PAY01509,ORD01509,Debit Card,88818.92,Paid
PAY01510,ORD01510,Credit Card,3806.55,Paid
PAY01511,ORD01511,Credit Card,45002.47,Paid
PAY01512,ORD01512,Debit Card,10797.8,Paid
PAY01513,ORD01513,Debit Card,69671.54,Paid
PAY01514,ORD01514,Debit Card,12249.76,Paid
PAY01515,ORD01515,UPI,40861.25,Paid
PAY01516,ORD01516,Debit Card,217857.9,Paid
PAY01517,ORD01517,Debit Card,105043.44,Paid
PAY01518,ORD01518,Debit Card,35769.55,Paid
PAY01519,ORD01519,UPI,44954.3,Paid
PAY01520,ORD01520,Net Banking,25517.81,Paid
PAY01521,ORD01521,Debit Card,38172.43,Paid
PAY01522,ORD01522,Debit Card,25301.88,Paid
PAY01523,ORD01523,Debit Card,187346.63,Paid
PAY01524,ORD01524,Net Banking,99744.13,Paid
PAY01525,ORD01525,UPI,54421.78,Paid
PAY01526,ORD01526,Credit Card,9801.59,Paid
PAY01527,ORD01527,UPI,24174.88,Paid
PAY01528,ORD01528,UPI,164286.3,Paid
PAY01529,ORD01529,UPI,118969.8,Paid
PAY01530,ORD01530,Credit Card,34621.0,Paid
PAY01531,ORD01531,Credit Card,3104.94,Paid
PAY01532,ORD01532,UPI,36552.41,Paid
PAY01533,ORD01533,Credit Card,118505.34,Paid
PAY01534,ORD01534,UPI,89967.0,Paid
PAY01535,ORD01535,UPI,43258.79,Paid
PAY01536,ORD01536,UPI,17097.9,Paid
PAY01537,ORD01537,Credit Card,23025.57,Paid
PAY01538,ORD01538,UPI,21725.17,Paid
PAY01539,ORD01539,Credit Card,68932.57,Paid
PAY01540,ORD01540,Cash on Delivery,28557.1,Paid
PAY01541,ORD01541,UPI,108627.13,Paid
PAY01542,ORD01542,Cash on Delivery,42669.1,Paid
PAY01543,ORD01543,Credit Card,261062.88,Paid
PAY01544,ORD01544,UPI,96175.23,Paid
PAY01545,ORD01545,UPI,28111.81,Paid
PAY01546,ORD01546,Credit Card,118030.3,Paid
PAY01547,ORD01547,Credit Card,9793.64,Paid
PAY01548,ORD01548,Credit Card,115596.23,Failed
PAY01549,ORD01549,Cash on Delivery,108289.65,Paid
PAY01550,ORD01550,Net Banking,45373.76,Paid
PAY01551,ORD01551,UPI,39728.33,Paid
PAY01552,ORD01552,UPI,28563.21,Paid
PAY01553,ORD01553,Debit Card,10349.37,Paid
PAY01554,ORD01554,Credit Card,35721.96,Paid
PAY01555,ORD01555,Debit Card,14497.09,Paid
PAY01556,ORD01556,UPI,203473.03,Paid
PAY01557,ORD01557,Debit Card,26305.59,Paid
PAY01558,ORD01558,Credit Card,33326.24,Paid
PAY01559,ORD01559,Debit Card,10456.8,Paid
PAY01560,ORD01560,Cash on Delivery,51972.87,Paid
PAY01561,ORD01561,Credit Card,17914.91,Failed
PAY01562,ORD01562,Credit Card,29074.27,Paid
PAY01563,ORD01563,UPI,3996.74,Paid
PAY01564,ORD01564,UPI,122313.24,Failed
PAY01565,ORD01565,Debit Card,123467.43,Paid
PAY01566,ORD01566,UPI,24707.4,Paid
PAY01567,ORD01567,UPI,28876.25,Paid
PAY01568,ORD01568,UPI,75312.21,Paid
PAY01569,ORD01569,Credit Card,61441.17,Paid
PAY01570,ORD01570,Debit Card,126230.97,Paid
PAY01571,ORD01571,Credit Card,1690.28,Paid
PAY01572,ORD01572,Debit Card,34328.09,Paid
PAY01573,ORD01573,UPI,23731.84,Paid
PAY01574,ORD01574,Cash on Delivery,204519.33,Paid
PAY01575,ORD01575,Cash on Delivery,18410.16,Failed
PAY01576,ORD01576,Debit Card,92524.08,Paid
PAY01577,ORD01577,Net Banking,15537.24,Paid
PAY01578,ORD01578,Credit Card,41422.24,Paid
PAY01579,ORD01579,Credit Card,29031.87,Paid
PAY01580,ORD01580,UPI,7571.27,Paid
PAY01581,ORD01581,Credit Card,44239.95,Paid
PAY01582,ORD01582,Credit Card,94817.69,Paid
PAY01583,ORD01583,Net Banking,214269.25,Paid
PAY01584,ORD01584,Debit Card,11068.13,Paid
PAY01585,ORD01585,UPI,163769.49,Paid
PAY01586,ORD01586,Credit Card,42938.52,Paid
PAY01587,ORD01587,UPI,14883.84,Paid
PAY01588,ORD01588,UPI,52145.89,Paid
PAY01589,ORD01589,Credit Card,184940.08,Paid
PAY01590,ORD01590,Credit Card,47369.83,Paid
PAY01591,ORD01591,UPI,44888.91,Paid
PAY01592,ORD01592,Net Banking,90888.74,Paid
PAY01593,ORD01593,Net Banking,33819.02,Paid
PAY01594,ORD01594,UPI,47173.8,Paid
PAY01595,ORD01595,UPI,45972.29,Failed
PAY01596,ORD01596,UPI,74108.33,Paid
PAY01597,ORD01597,Debit Card,79787.69,Paid
PAY01598,ORD01598,Debit Card,40629.21,Paid
PAY01599,ORD01599,Credit Card,20340.99,Paid
PAY01600,ORD01600,Credit Card,44607.05,Paid
PAY01601,ORD01601,Credit Card,92208.69,Paid
PAY01602,ORD01602,Net Banking,102883.59,Paid
PAY01603,ORD01603,Debit Card,198861.72,Paid
PAY01604,ORD01604,UPI,186340.69,Paid
PAY01605,ORD01605,Cash on Delivery,94638.02,Paid
PAY01606,ORD01606,UPI,30290.7,Paid
PAY01607,ORD01607,UPI,88673.12,Paid
PAY01608,ORD01608,Debit Card,28235.17,Paid
PAY01609,ORD01609,Net Banking,62940.49,Paid
PAY01610,ORD01610,Debit Card,53990.72,Paid
PAY01611,ORD01611,Cash on Delivery,13035.31,Paid
PAY01612,ORD01612,Debit Card,16305.34,Paid
PAY01613,ORD01613,Debit Card,27890.02,Paid
PAY01614,ORD01614,Credit Card,41554.92,Paid
PAY01615,ORD01615,Debit Card,39352.09,Paid
PAY01616,ORD01616,UPI,26471.31,Paid
PAY01617,ORD01617,Credit Card,55160.44,Paid
PAY01618,ORD01618,Credit Card,39773.12,Paid
PAY01619,ORD01619,Cash on Delivery,45644.96,Paid
PAY01620,ORD01620,Debit Card,113426.55,Paid
PAY01621,ORD01621,Credit Card,16112.06,Paid
PAY01622,ORD01622,Credit Card,92220.98,Paid
PAY01623,ORD01623,Debit Card,10996.97,Paid
PAY01624,ORD01624,UPI,49606.03,Failed
PAY01625,ORD01625,Net Banking,44605.54,Paid
PAY01626,ORD01626,UPI,15652.99,Paid
PAY01627,ORD01627,Debit Card,50956.87,Paid
PAY01628,ORD01628,Cash on Delivery,37547.56,Failed
PAY01629,ORD01629,UPI,29304.77,Paid
PAY01630,ORD01630,Debit Card,77975.24,Paid
PAY01631,ORD01631,Credit Card,35719.63,Paid
PAY01632,ORD01632,UPI,11490.74,Paid
PAY01633,ORD01633,UPI,19898.22,Paid
PAY01634,ORD01634,Cash on Delivery,186941.46,Failed
PAY01635,ORD01635,Debit Card,20321.83,Paid
PAY01636,ORD01636,Net Banking,164051.63,Paid
PAY01637,ORD01637,Net Banking,161949.91,Paid
PAY01638,ORD01638,Credit Card,54030.81,Paid
PAY01639,ORD01639,Debit Card,223743.79,Paid
PAY01640,ORD01640,UPI,25400.62,Paid
PAY01641,ORD01641,Cash on Delivery,33385.5,Paid
PAY01642,ORD01642,Net Banking,40526.02,Paid
PAY01643,ORD01643,Cash on Delivery,136625.25,Paid
PAY01644,ORD01644,Cash on Delivery,37741.12,Paid
PAY01645,ORD01645,UPI,39013.29,Paid
PAY01646,ORD01646,Cash on Delivery,63022.79,Paid
PAY01647,ORD01647,UPI,45321.95,Paid
PAY01648,ORD01648,Cash on Delivery,231819.89,Paid
PAY01649,ORD01649,Credit Card,23029.04,Paid
PAY01650,ORD01650,Credit Card,145523.01,Paid
PAY01651,ORD01651,UPI,7137.96,Paid
PAY01652,ORD01652,Debit Card,23404.75,Paid
PAY01653,ORD01653,UPI,48534.59,Paid
PAY01654,ORD01654,UPI,76972.6,Paid
PAY01655,ORD01655,UPI,17733.54,Paid
PAY01656,ORD01656,UPI,60262.98,Paid
PAY01657,ORD01657,UPI,43864.31,Paid
PAY01658,ORD01658,Cash on Delivery,43737.14,Paid
PAY01659,ORD01659,UPI,112784.72,Paid
PAY01660,ORD01660,UPI,91326.35,Paid
PAY01661,ORD01661,Cash on Delivery,20756.06,Failed
PAY01662,ORD01662,Cash on Delivery,47161.98,Paid
PAY01663,ORD01663,UPI,37299.04,Paid
PAY01664,ORD01664,UPI,50745.08,Paid
PAY01665,ORD01665,Cash on Delivery,19182.78,Paid
PAY01666,ORD01666,Debit Card,15294.94,Failed
PAY01667,ORD01667,Cash on Delivery,140582.33,Paid
PAY01668,ORD01668,Debit Card,44994.2,Paid
PAY01669,ORD01669,Cash on Delivery,106354.31,Paid
PAY01670,ORD01670,UPI,63641.66,Paid
PAY01671,ORD01671,Net Banking,88430.54,Paid
PAY01672,ORD01672,UPI,47957.63,Paid
PAY01673,ORD01673,UPI,35274.15,Paid
PAY01674,ORD01674,Net Banking,116869.07,Failed
PAY01675,ORD01675,Debit Card,42702.54,Paid
PAY01676,ORD01676,Cash on Delivery,94693.54,Paid
PAY01677,ORD01677,Debit Card,89850.44,Paid
PAY01678,ORD01678,UPI,49651.06,Paid
PAY01679,ORD01679,Cash on Delivery,25267.5,Failed
PAY01680,ORD01680,UPI,71743.21,Paid
PAY01681,ORD01681,UPI,38593.14,Failed
PAY01682,ORD01682,Cash on Delivery,111678.0,Paid
PAY01683,ORD01683,UPI,5740.33,Paid
PAY01684,ORD01684,Net Banking,85704.18,Paid
PAY01685,ORD01685,Debit Card,165600.26,Paid
PAY01686,ORD01686,UPI,3836.48,Paid
PAY01687,ORD01687,Cash on Delivery,41681.93,Paid
PAY01688,ORD01688,Debit Card,122610.4,Paid
PAY01689,ORD01689,Cash on Delivery,54462.13,Paid
PAY01690,ORD01690,Net Banking,31755.19,Paid
PAY01691,ORD01691,Credit Card,86019.84,Paid
PAY01692,ORD01692,Net Banking,40462.01,Paid
PAY01693,ORD01693,UPI,16565.05,Paid
PAY01694,ORD01694,Cash on Delivery,47397.68,Paid
PAY01695,ORD01695,UPI,24082.71,Paid
PAY01696,ORD01696,UPI,98906.16,Paid
PAY01697,ORD01697,Credit Card,56620.74,Paid
PAY01698,ORD01698,UPI,20147.47,Paid
PAY01699,ORD01699,Cash on Delivery,28543.2,Paid
PAY01700,ORD01700,UPI,17079.23,Paid
PAY01701,ORD01701,Credit Card,32611.08,Paid
PAY01702,ORD01702,UPI,5393.86,Paid
PAY01703,ORD01703,Net Banking,81912.61,Paid
PAY01704,ORD01704,UPI,25606.73,Paid
PAY01705,ORD01705,Debit Card,50050.92,Paid
PAY01706,ORD01706,Net Banking,112236.38,Paid
PAY01707,ORD01707,UPI,66519.87,Paid
PAY01708,ORD01708,Cash on Delivery,10689.86,Paid
PAY01709,ORD01709,Credit Card,48703.95,Paid
PAY01710,ORD01710,Net Banking,35402.57,Paid
PAY01711,ORD01711,UPI,24281.7,Paid
PAY01712,ORD01712,Net Banking,94563.4,Paid
PAY01713,ORD01713,UPI,80596.97,Paid
PAY01714,ORD01714,UPI,36208.76,Paid
PAY01715,ORD01715,Credit Card,51957.56,Paid
PAY01716,ORD01716,Credit Card,7328.14,Paid
PAY01717,ORD01717,Credit Card,13164.94,Paid
PAY01718,ORD01718,Credit Card,84266.89,Paid
PAY01719,ORD01719,UPI,41618.95,Paid
PAY01720,ORD01720,UPI,101041.64,Paid
PAY01721,ORD01721,UPI,199481.76,Paid
PAY01722,ORD01722,UPI,3367.87,Paid
PAY01723,ORD01723,Credit Card,24509.76,Paid
PAY01724,ORD01724,UPI,26471.95,Paid
PAY01725,ORD01725,Credit Card,83240.65,Paid
PAY01726,ORD01726,UPI,12676.63,Paid
PAY01727,ORD01727,Net Banking,146152.5,Paid
PAY01728,ORD01728,UPI,22533.32,Paid
PAY01729,ORD01729,Debit Card,3365.19,Paid
PAY01730,ORD01730,UPI,49452.31,Paid
PAY01731,ORD01731,UPI,75584.27,Paid
PAY01732,ORD01732,Debit Card,3842.54,Paid
PAY01733,ORD01733,Net Banking,118164.19,Paid
PAY01734,ORD01734,Net Banking,59831.27,Paid
PAY01735,ORD01735,Debit Card,7187.2,Paid
PAY01736,ORD01736,Credit Card,22651.66,Failed
PAY01737,ORD01737,Net Banking,74540.43,Paid
PAY01738,ORD01738,Credit Card,82362.69,Paid
PAY01739,ORD01739,UPI,31986.22,Paid
PAY01740,ORD01740,UPI,71361.89,Paid
PAY01741,ORD01741,Credit Card,34652.61,Paid
PAY01742,ORD01742,UPI,43374.3,Paid
PAY01743,ORD01743,Net Banking,6502.92,Paid
PAY01744,ORD01744,Net Banking,40170.6,Paid
PAY01745,ORD01745,UPI,174440.19,Paid
PAY01746,ORD01746,UPI,36200.17,Paid
PAY01747,ORD01747,Credit Card,55498.49,Paid
PAY01748,ORD01748,Credit Card,62610.6,Paid
PAY01749,ORD01749,Debit Card,17916.19,Failed
PAY01750,ORD01750,UPI,34667.05,Failed
PAY01751,ORD01751,Debit Card,3585.07,Paid
PAY01752,ORD01752,Credit Card,37772.37,Paid
PAY01753,ORD01753,Credit Card,6564.49,Paid
PAY01754,ORD01754,Cash on Delivery,49377.89,Paid
PAY01755,ORD01755,Debit Card,36270.32,Paid
PAY01756,ORD01756,UPI,46865.83,Paid
PAY01757,ORD01757,Debit Card,10697.4,Paid
PAY01758,ORD01758,Cash on Delivery,49900.62,Paid
PAY01759,ORD01759,Debit Card,22986.18,Paid
PAY01760,ORD01760,Credit Card,83132.24,Paid
PAY01761,ORD01761,UPI,81171.09,Paid
PAY01762,ORD01762,Cash on Delivery,89937.85,Paid
PAY01763,ORD01763,UPI,25515.97,Paid
PAY01764,ORD01764,Credit Card,122235.18,Paid
PAY01765,ORD01765,Debit Card,80292.67,Paid
PAY01766,ORD01766,UPI,126314.94,Paid
PAY01767,ORD01767,Credit Card,39827.54,Paid
PAY01768,ORD01768,Net Banking,14033.42,Paid
PAY01769,ORD01769,Debit Card,1889.11,Paid
PAY01770,ORD01770,Cash on Delivery,113304.31,Paid
PAY01771,ORD01771,UPI,147755.0,Paid
PAY01772,ORD01772,UPI,65518.47,Paid
PAY01773,ORD01773,UPI,44284.04,Paid
PAY01774,ORD01774,Debit Card,87899.67,Paid
PAY01775,ORD01775,Net Banking,35772.69,Paid
PAY01776,ORD01776,UPI,65442.91,Paid
PAY01777,ORD01777,Debit Card,93216.88,Paid
PAY01778,ORD01778,Debit Card,29976.71,Paid
PAY01779,ORD01779,Credit Card,41387.6,Paid
PAY01780,ORD01780,Cash on Delivery,66978.37,Paid
PAY01781,ORD01781,Credit Card,13936.01,Paid
PAY01782,ORD01782,Credit Card,153795.51,Paid
PAY01783,ORD01783,Cash on Delivery,34043.51,Paid
PAY01784,ORD01784,Cash on Delivery,108344.29,Paid
PAY01785,ORD01785,UPI,132915.99,Paid
PAY01786,ORD01786,Net Banking,12427.53,Paid
PAY01787,ORD01787,UPI,152226.04,Paid
PAY01788,ORD01788,Credit Card,14938.74,Paid
PAY01789,ORD01789,UPI,33377.48,Paid
PAY01790,ORD01790,UPI,24244.13,Paid
PAY01791,ORD01791,UPI,12690.86,Paid
PAY01792,ORD01792,Credit Card,50118.49,Paid
PAY01793,ORD01793,UPI,20312.29,Paid
PAY01794,ORD01794,Credit Card,44699.31,Paid
PAY01795,ORD01795,UPI,50774.02,Paid
PAY01796,ORD01796,UPI,51974.25,Paid
PAY01797,ORD01797,Debit Card,9568.88,Paid
PAY01798,ORD01798,UPI,5198.39,Failed
PAY01799,ORD01799,UPI,38550.13,Paid
PAY01800,ORD01800,Credit Card,35875.83,Paid
PAY01801,ORD01801,UPI,81524.88,Paid
PAY01802,ORD01802,Credit Card,1255.35,Paid
PAY01803,ORD01803,Cash on Delivery,6183.14,Paid
PAY01804,ORD01804,Debit Card,29948.4,Paid
PAY01805,ORD01805,Cash on Delivery,66160.52,Paid
PAY01806,ORD01806,UPI,57856.46,Paid
PAY01807,ORD01807,Net Banking,6966.97,Paid
PAY01808,ORD01808,UPI,29984.46,Paid
PAY01809,ORD01809,Debit Card,94945.01,Paid
PAY01810,ORD01810,UPI,14503.47,Paid
PAY01811,ORD01811,Credit Card,67052.57,Paid
PAY01812,ORD01812,Debit Card,105333.29,Paid
PAY01813,ORD01813,Net Banking,57833.05,Paid
PAY01814,ORD01814,Net Banking,43221.35,Paid
PAY01815,ORD01815,UPI,32682.99,Paid
PAY01816,ORD01816,Credit Card,145019.46,Paid
PAY01817,ORD01817,UPI,26311.95,Paid
PAY01818,ORD01818,UPI,12350.59,Paid
PAY01819,ORD01819,Debit Card,21110.52,Paid
PAY01820,ORD01820,Credit Card,15304.89,Paid
PAY01821,ORD01821,UPI,107267.96,Paid
PAY01822,ORD01822,Debit Card,173299.93,Paid
PAY01823,ORD01823,UPI,34368.65,Paid
PAY01824,ORD01824,Credit Card,56954.21,Paid
PAY01825,ORD01825,Credit Card,154048.42,Paid
PAY01826,ORD01826,Cash on Delivery,11100.11,Failed
PAY01827,ORD01827,UPI,1350.78,Paid
PAY01828,ORD01828,UPI,6117.81,Paid
PAY01829,ORD01829,UPI,10137.12,Paid
PAY01830,ORD01830,Debit Card,25407.97,Paid
PAY01831,ORD01831,Debit Card,35379.89,Paid
PAY01832,ORD01832,UPI,38856.09,Paid
PAY01833,ORD01833,Net Banking,27022.33,Paid
PAY01834,ORD01834,UPI,35563.01,Paid
PAY01835,ORD01835,UPI,18009.65,Paid
PAY01836,ORD01836,Net Banking,55247.67,Paid
PAY01837,ORD01837,Net Banking,68333.11,Paid
PAY01838,ORD01838,Cash on Delivery,52448.03,Paid
PAY01839,ORD01839,Debit Card,23012.3,Failed
PAY01840,ORD01840,UPI,4343.45,Paid
PAY01841,ORD01841,Credit Card,71876.24,Paid
PAY01842,ORD01842,Cash on Delivery,11469.0,Paid
PAY01843,ORD01843,UPI,80841.97,Paid
PAY01844,ORD01844,Credit Card,23035.37,Paid
PAY01845,ORD01845,Credit Card,40314.16,Paid
PAY01846,ORD01846,UPI,26512.38,Paid
PAY01847,ORD01847,Net Banking,15534.85,Paid
PAY01848,ORD01848,Debit Card,17093.41,Paid
PAY01849,ORD01849,Net Banking,116802.46,Paid
PAY01850,ORD01850,Debit Card,45311.64,Paid
PAY01851,ORD01851,UPI,32642.1,Paid
PAY01852,ORD01852,Cash on Delivery,64874.59,Paid
PAY01853,ORD01853,UPI,39504.41,Paid
PAY01854,ORD01854,UPI,41566.66,Paid
PAY01855,ORD01855,Debit Card,13305.34,Paid
PAY01856,ORD01856,Net Banking,19127.21,Paid
PAY01857,ORD01857,UPI,108195.22,Paid
PAY01858,ORD01858,Cash on Delivery,21678.86,Paid
PAY01859,ORD01859,Credit Card,53362.03,Paid
PAY01860,ORD01860,Credit Card,12338.52,Paid
PAY01861,ORD01861,UPI,160461.54,Failed
PAY01862,ORD01862,Net Banking,11154.61,Paid
PAY01863,ORD01863,Cash on Delivery,43764.0,Paid
PAY01864,ORD01864,Debit Card,130058.18,Paid
PAY01865,ORD01865,Debit Card,13570.21,Paid
PAY01866,ORD01866,UPI,28722.73,Paid
PAY01867,ORD01867,Cash on Delivery,20269.46,Paid
PAY01868,ORD01868,Credit Card,114051.11,Paid
PAY01869,ORD01869,Debit Card,104897.58,Paid
PAY01870,ORD01870,Cash on Delivery,33340.3,Paid
PAY01871,ORD01871,UPI,22620.87,Failed
PAY01872,ORD01872,UPI,78245.44,Paid
PAY01873,ORD01873,Net Banking,45148.06,Paid
PAY01874,ORD01874,Credit Card,95412.72,Paid
PAY01875,ORD01875,Debit Card,35449.13,Paid
PAY01876,ORD01876,Debit Card,138727.23,Paid
PAY01877,ORD01877,Credit Card,3725.95,Paid
PAY01878,ORD01878,UPI,3389.61,Paid
PAY01879,ORD01879,UPI,46252.24,Paid
PAY01880,ORD01880,UPI,1698.13,Paid
PAY01881,ORD01881,Credit Card,3164.68,Paid
PAY01882,ORD01882,Credit Card,35102.91,Paid
PAY01883,ORD01883,UPI,22628.85,Paid
PAY01884,ORD01884,UPI,37210.32,Paid
PAY01885,ORD01885,UPI,90579.52,Paid
PAY01886,ORD01886,UPI,45969.75,Paid
PAY01887,ORD01887,Credit Card,27600.38,Paid
PAY01888,ORD01888,Debit Card,78282.99,Paid
PAY01889,ORD01889,UPI,27712.68,Paid
PAY01890,ORD01890,Debit Card,126509.95,Paid
PAY01891,ORD01891,UPI,1305.24,Paid
PAY01892,ORD01892,UPI,34559.07,Paid
PAY01893,ORD01893,UPI,13490.78,Paid
PAY01894,ORD01894,Cash on Delivery,39161.49,Paid
PAY01895,ORD01895,UPI,29422.9,Paid
PAY01896,ORD01896,UPI,33256.68,Paid
PAY01897,ORD01897,Cash on Delivery,31021.41,Paid
PAY01898,ORD01898,Credit Card,6560.72,Paid
PAY01899,ORD01899,Credit Card,33322.26,Failed
PAY01900,ORD01900,Cash on Delivery,51464.96,Paid
PAY01901,ORD01901,Net Banking,77622.95,Paid
PAY01902,ORD01902,UPI,64685.43,Paid
PAY01903,ORD01903,Credit Card,106473.86,Paid
PAY01904,ORD01904,Credit Card,33584.03,Paid
PAY01905,ORD01905,Credit Card,10901.17,Paid
PAY01906,ORD01906,Debit Card,11105.69,Paid
PAY01907,ORD01907,Credit Card,39541.84,Paid
PAY01908,ORD01908,UPI,73262.88,Paid
PAY01909,ORD01909,Net Banking,70720.08,Paid
PAY01910,ORD01910,UPI,80945.88,Paid
PAY01911,ORD01911,UPI,30928.31,Paid
PAY01912,ORD01912,UPI,138272.25,Paid
PAY01913,ORD01913,Credit Card,71198.67,Paid
PAY01914,ORD01914,UPI,49775.77,Paid
PAY01915,ORD01915,UPI,18282.71,Paid
PAY01916,ORD01916,Cash on Delivery,60742.21,Paid
PAY01917,ORD01917,UPI,45228.26,Paid
PAY01918,ORD01918,Net Banking,6654.9,Paid
PAY01919,ORD01919,Credit Card,12387.04,Paid
PAY01920,ORD01920,Debit Card,63398.78,Paid
PAY01921,ORD01921,Cash on Delivery,4214.52,Paid
PAY01922,ORD01922,Cash on Delivery,7985.91,Paid
PAY01923,ORD01923,UPI,45567.8,Paid
PAY01924,ORD01924,UPI,14705.0,Paid
PAY01925,ORD01925,UPI,72866.68,Paid
PAY01926,ORD01926,Net Banking,58638.17,Paid
PAY01927,ORD01927,UPI,13760.34,Paid
PAY01928,ORD01928,Net Banking,111877.53,Paid
PAY01929,ORD01929,Cash on Delivery,43433.23,Paid
PAY01930,ORD01930,UPI,66393.79,Paid
PAY01931,ORD01931,UPI,80106.98,Paid
PAY01932,ORD01932,UPI,147227.22,Paid
PAY01933,ORD01933,Net Banking,47459.27,Paid
PAY01934,ORD01934,Debit Card,28547.41,Paid
PAY01935,ORD01935,UPI,33588.73,Paid
PAY01936,ORD01936,Credit Card,46699.71,Paid
PAY01937,ORD01937,Credit Card,9173.06,Paid
PAY01938,ORD01938,Net Banking,38983.58,Paid
PAY01939,ORD01939,Net Banking,40492.15,Paid
PAY01940,ORD01940,UPI,13401.79,Paid
PAY01941,ORD01941,Credit Card,30977.38,Paid
PAY01942,ORD01942,Debit Card,46625.98,Paid
PAY01943,ORD01943,Cash on Delivery,14896.17,Paid
PAY01944,ORD01944,UPI,116956.37,Paid
PAY01945,ORD01945,UPI,29470.45,Paid
PAY01946,ORD01946,Debit Card,101527.25,Paid
PAY01947,ORD01947,UPI,50178.81,Paid
PAY01948,ORD01948,Cash on Delivery,26442.43,Paid
PAY01949,ORD01949,Net Banking,148807.1,Paid
PAY01950,ORD01950,Cash on Delivery,6370.84,Paid
PAY01951,ORD01951,Cash on Delivery,39051.11,Paid
PAY01952,ORD01952,Net Banking,19108.46,Paid
PAY01953,ORD01953,Credit Card,142847.44,Failed
PAY01954,ORD01954,Net Banking,292785.43,Paid
PAY01955,ORD01955,Credit Card,139483.31,Paid
PAY01956,ORD01956,Debit Card,86925.48,Paid
PAY01957,ORD01957,Debit Card,13728.84,Paid
PAY01958,ORD01958,UPI,13357.19,Failed
PAY01959,ORD01959,UPI,32609.85,Paid
PAY01960,ORD01960,Net Banking,78311.1,Paid
PAY01961,ORD01961,Debit Card,25713.84,Failed
PAY01962,ORD01962,Debit Card,118479.01,Paid
PAY01963,ORD01963,Credit Card,44006.29,Paid
PAY01964,ORD01964,Credit Card,71617.57,Paid
PAY01965,ORD01965,UPI,47136.75,Paid
PAY01966,ORD01966,Debit Card,44895.76,Paid
PAY01967,ORD01967,UPI,40478.04,Paid
PAY01968,ORD01968,Debit Card,29736.83,Paid
PAY01969,ORD01969,Cash on Delivery,30691.69,Paid
PAY01970,ORD01970,UPI,15465.56,Paid
PAY01971,ORD01971,Credit Card,25284.32,Paid
PAY01972,ORD01972,UPI,158781.76,Paid
PAY01973,ORD01973,UPI,33563.55,Paid
PAY01974,ORD01974,Credit Card,83730.95,Paid
PAY01975,ORD01975,Cash on Delivery,83031.06,Paid
PAY01976,ORD01976,Credit Card,107144.22,Paid
PAY01977,ORD01977,Cash on Delivery,19149.13,Paid
PAY01978,ORD01978,Credit Card,10750.44,Paid
PAY01979,ORD01979,Credit Card,6243.26,Paid
PAY01980,ORD01980,Debit Card,43280.68,Paid
PAY01981,ORD01981,Debit Card,39800.72,Paid
PAY01982,ORD01982,UPI,22878.51,Paid
PAY01983,ORD01983,Net Banking,40197.31,Paid
PAY01984,ORD01984,Debit Card,26494.06,Paid
PAY01985,ORD01985,UPI,27574.6,Paid
PAY01986,ORD01986,Debit Card,17708.06,Paid
PAY01987,ORD01987,Credit Card,176773.98,Paid
PAY01988,ORD01988,Cash on Delivery,34605.79,Paid
PAY01989,ORD01989,Debit Card,57882.25,Paid
PAY01990,ORD01990,UPI,83174.04,Paid
PAY01991,ORD01991,Credit Card,106203.87,Paid
PAY01992,ORD01992,UPI,130143.66,Paid
PAY01993,ORD01993,UPI,135516.41,Paid
PAY01994,ORD01994,Cash on Delivery,39558.31,Paid
PAY01995,ORD01995,UPI,107335.29,Paid
PAY01996,ORD01996,UPI,88505.39,Paid
PAY01997,ORD01997,Credit Card,14698.81,Paid
PAY01998,ORD01998,UPI,29445.62,Paid
PAY01999,ORD01999,UPI,24330.69,Paid
PAY02000,ORD02000,Credit Card,62038.45,Paid
