review_id,order_id,customer_id,rating,sentiment,review_date
REV00001,ORD00001,CUST0164,2,Negative,2025-04-09
REV00002,ORD00002,CUST0299,4,Positive,2025-06-21
REV00003,ORD00004,CUST0032,5,Positive,2026-01-07
REV00004,ORD00005,CUST0248,5,Positive,2025-04-17
REV00005,ORD00006,CUST0104,4,Positive,2025-10-20
REV00006,ORD00007,CUST0052,5,Positive,2026-01-04
REV00007,ORD00009,CUST0149,5,Positive,2025-02-01
REV00008,ORD00010,CUST0084,4,Positive,2025-09-01
REV00009,ORD00011,CUST0004,4,Positive,2025-05-28
REV00010,ORD00012,CUST0258,5,Positive,2026-01-13
REV00011,ORD00013,CUST0276,5,Positive,2025-12-23
REV00012,ORD00014,CUST0060,4,Positive,2025-12-17
REV00013,ORD00015,CUST0203,4,Positive,2025-05-17
REV00014,ORD00016,CUST0216,2,Negative,2025-07-20
REV00015,ORD00018,CUST0017,1,Negative,2025-12-21
REV00016,ORD00020,CUST0196,2,Negative,2025-10-11
REV00017,ORD00021,CUST0214,4,Positive,2025-10-17
REV00018,ORD00022,CUST0097,4,Positive,2025-11-07
REV00019,ORD00023,CUST0185,3,Neutral,2025-09-29
REV00020,ORD00024,CUST0195,3,Neutral,2025-11-07
REV00021,ORD00025,CUST0031,4,Positive,2025-09-29
REV00022,ORD00026,CUST0248,5,Positive,2025-12-11
REV00023,ORD00027,CUST0055,1,Negative,2025-03-05
REV00024,ORD00028,CUST0195,3,Neutral,2025-08-02
REV00025,ORD00029,CUST0244,5,Positive,2025-06-02
REV00026,ORD00030,CUST0040,5,Positive,2025-06-16
REV00027,ORD00031,CUST0028,3,Neutral,2025-03-11
REV00028,ORD00034,CUST0198,3,Neutral,2025-01-14
REV00029,ORD00035,CUST0223,4,Positive,2025-05-30
REV00030,ORD00036,CUST0246,4,Positive,2025-06-26
REV00031,ORD00037,CUST0108,4,Positive,2025-08-28
REV00032,ORD00038,CUST0279,4,Positive,2025-02-04
REV00033,ORD00040,CUST0073,1,Negative,2025-07-10
REV00034,ORD00041,CUST0056,5,Positive,2025-12-27
REV00035,ORD00042,CUST0015,2,Negative,2025-11-28
REV00036,ORD00043,CUST0271,5,Positive,2025-12-06
REV00037,ORD00045,CUST0089,5,Positive,2025-10-27
REV00038,ORD00046,CUST0252,5,Positive,2025-08-18
REV00039,ORD00047,CUST0282,5,Positive,2025-10-04
REV00040,ORD00048,CUST0085,5,Positive,2025-11-30
REV00041,ORD00049,CUST0049,3,Neutral,2025-03-21
REV00042,ORD00050,CUST0213,5,Positive,2025-07-16
REV00043,ORD00051,CUST0235,5,Positive,2025-12-04
REV00044,ORD00052,CUST0025,2,Negative,2025-02-04
REV00045,ORD00053,CUST0120,5,Positive,2025-08-14
REV00046,ORD00054,CUST0245,2,Negative,2025-02-26
REV00047,ORD00055,CUST0005,3,Neutral,2025-11-13
REV00048,ORD00056,CUST0128,3,Neutral,2025-10-15
REV00049,ORD00057,CUST0271,2,Negative,2025-01-17
REV00050,ORD00059,CUST0080,5,Positive,2025-10-09
REV00051,ORD00061,CUST0016,3,Neutral,2025-06-26
REV00052,ORD00062,CUST0294,4,Positive,2025-12-24
REV00053,ORD00065,CUST0013,5,Positive,2025-05-13
REV00054,ORD00066,CUST0235,5,Positive,2025-02-25
REV00055,ORD00068,CUST0047,3,Neutral,2025-03-29
REV00056,ORD00070,CUST0191,4,Positive,2025-12-25
REV00057,ORD00071,CUST0141,3,Neutral,2025-06-11
REV00058,ORD00072,CUST0128,4,Positive,2025-11-21
REV00059,ORD00073,CUST0144,5,Positive,2025-02-12
REV00060,ORD00075,CUST0166,4,Positive,2025-02-06
REV00061,ORD00076,CUST0081,5,Positive,2025-08-21
REV00062,ORD00077,CUST0290,5,Positive,2025-03-04
REV00063,ORD00080,CUST0210,4,Positive,2026-01-03
REV00064,ORD00081,CUST0246,4,Positive,2025-04-26
REV00065,ORD00082,CUST0196,4,Positive,2025-07-29
REV00066,ORD00083,CUST0117,4,Positive,2025-10-29
REV00067,ORD00084,CUST0293,4,Positive,2025-12-23
REV00068,ORD00086,CUST0289,5,Positive,2025-03-07
REV00069,ORD00088,CUST0051,4,Positive,2025-05-15
REV00070,ORD00090,CUST0128,4,Positive,2025-02-03
REV00071,ORD00091,CUST0283,1,Negative,2025-07-01
REV00072,ORD00092,CUST0243,5,Positive,2025-03-23
REV00073,ORD00094,CUST0167,5,Positive,2025-05-24
REV00074,ORD00095,CUST0255,5,Positive,2025-06-14
REV00075,ORD00097,CUST0046,5,Positive,2025-05-12
REV00076,ORD00098,CUST0153,5,Positive,2025-08-12
REV00077,ORD00099,CUST0030,1,Negative,2025-01-15
REV00078,ORD00100,CUST0272,4,Positive,2025-04-14
REV00079,ORD00101,CUST0176,5,Positive,2025-09-27
REV00080,ORD00102,CUST0025,3,Neutral,2025-11-07
REV00081,ORD00103,CUST0215,3,Neutral,2025-02-26
REV00082,ORD00104,CUST0281,5,Positive,2025-09-17
REV00083,ORD00105,CUST0132,5,Positive,2025-11-29
REV00084,ORD00106,CUST0005,5,Positive,2025-03-19
REV00085,ORD00108,CUST0248,4,Positive,2025-09-25
REV00086,ORD00109,CUST0049,4,Positive,2025-08-27
REV00087,ORD00110,CUST0085,5,Positive,2025-02-24
REV00088,ORD00112,CUST0288,4,Positive,2025-04-21
REV00089,ORD00114,CUST0055,5,Positive,2025-05-27
REV00090,ORD00118,CUST0112,4,Positive,2025-05-03
REV00091,ORD00119,CUST0214,5,Positive,2025-12-23
REV00092,ORD00120,CUST0129,4,Positive,2025-04-03
REV00093,ORD00122,CUST0280,4,Positive,2025-11-11
REV00094,ORD00123,CUST0083,4,Positive,2025-11-09
REV00095,ORD00124,CUST0038,4,Positive,2026-01-17
REV00096,ORD00125,CUST0005,4,Positive,2025-03-04
REV00097,ORD00127,CUST0223,3,Neutral,2025-12-12
REV00098,ORD00128,CUST0231,4,Positive,2025-11-30
REV00099,ORD00132,CUST0282,4,Positive,2025-09-02
REV00100,ORD00134,CUST0224,5,Positive,2025-06-10
REV00101,ORD00135,CUST0101,3,Neutral,2025-06-03
REV00102,ORD00136,CUST0242,4,Positive,2025-12-17
REV00103,ORD00137,CUST0082,5,Positive,2025-04-05
REV00104,ORD00138,CUST0021,5,Positive,2025-12-03
REV00105,ORD00139,CUST0265,4,Positive,2025-05-14
REV00106,ORD00140,CUST0118,1,Negative,2025-08-21
REV00107,ORD00141,CUST0076,4,Positive,2025-02-15
REV00108,ORD00142,CUST0247,4,Positive,2025-04-16
REV00109,ORD00143,CUST0215,1,Negative,2025-04-02
REV00110,ORD00144,CUST0268,1,Negative,2025-08-06
REV00111,ORD00146,CUST0212,5,Positive,2025-10-26
REV00112,ORD00147,CUST0083,5,Positive,2025-03-08
REV00113,ORD00149,CUST0090,5,Positive,2025-12-08
REV00114,ORD00151,CUST0295,5,Positive,2025-01-17
REV00115,ORD00152,CUST0289,5,Positive,2025-09-17
REV00116,ORD00154,CUST0138,3,Neutral,2025-04-09
REV00117,ORD00155,CUST0062,3,Neutral,2025-03-02
REV00118,ORD00156,CUST0066,5,Positive,2025-02-11
REV00119,ORD00157,CUST0298,5,Positive,2025-03-06
REV00120,ORD00159,CUST0077,5,Positive,2025-09-05
REV00121,ORD00160,CUST0231,5,Positive,2025-06-28
REV00122,ORD00161,CUST0146,4,Positive,2025-07-13
REV00123,ORD00163,CUST0108,5,Positive,2025-04-10
REV00124,ORD00164,CUST0159,5,Positive,2025-05-08
REV00125,ORD00165,CUST0281,3,Neutral,2025-08-20
REV00126,ORD00167,CUST0245,5,Positive,2025-06-21
REV00127,ORD00168,CUST0140,5,Positive,2025-06-06
REV00128,ORD00169,CUST0138,1,Negative,2025-03-10
REV00129,ORD00171,CUST0227,1,Negative,2025-05-26
REV00130,ORD00173,CUST0300,2,Negative,2025-03-09
REV00131,ORD00174,CUST0275,1,Negative,2025-03-12
REV00132,ORD00175,CUST0287,3,Neutral,2025-06-11
REV00133,ORD00176,CUST0135,3,Neutral,2025-10-20
REV00134,ORD00177,CUST0165,4,Positive,2025-03-18
REV00135,ORD00179,CUST0266,5,Positive,2025-03-04
REV00136,ORD00181,CUST0282,4,Positive,2025-06-30
REV00137,ORD00183,CUST0284,4,Positive,2025-10-09
REV00138,ORD00185,CUST0223,5,Positive,2025-08-08
REV00139,ORD00186,CUST0026,5,Positive,2025-12-30
REV00140,ORD00187,CUST0205,5,Positive,2025-06-04
REV00141,ORD00190,CUST0148,5,Positive,2025-01-10
REV00142,ORD00191,CUST0193,5,Positive,2025-11-08
REV00143,ORD00192,CUST0056,5,Positive,2025-01-29
REV00144,ORD00194,CUST0016,4,Positive,2025-10-27
REV00145,ORD00195,CUST0160,5,Positive,2025-11-12
REV00146,ORD00196,CUST0290,5,Positive,2025-04-01
REV00147,ORD00197,CUST0078,5,Positive,2025-04-13
REV00148,ORD00198,CUST0258,4,Positive,2025-11-14
REV00149,ORD00201,CUST0266,3,Neutral,2025-10-19
REV00150,ORD00203,CUST0233,5,Positive,2025-03-06
REV00151,ORD00204,CUST0082,5,Positive,2025-07-29
REV00152,ORD00206,CUST0122,3,Neutral,2025-04-25
REV00153,ORD00207,CUST0179,5,Positive,2025-02-08
REV00154,ORD00208,CUST0288,4,Positive,2025-04-09
REV00155,ORD00209,CUST0030,4,Positive,2025-03-10
REV00156,ORD00210,CUST0067,4,Positive,2025-11-19
REV00157,ORD00211,CUST0006,5,Positive,2025-12-01
REV00158,ORD00212,CUST0100,5,Positive,2025-06-22
REV00159,ORD00213,CUST0267,1,Negative,2025-06-17
REV00160,ORD00214,CUST0274,4,Positive,2025-03-29
REV00161,ORD00217,CUST0012,5,Positive,2025-11-11
REV00162,ORD00218,CUST0264,4,Positive,2025-03-10
REV00163,ORD00219,CUST0183,4,Positive,2025-06-25
REV00164,ORD00220,CUST0241,4,Positive,2025-05-15
REV00165,ORD00221,CUST0088,2,Negative,2025-06-02
REV00166,ORD00222,CUST0221,4,Positive,2025-08-22
REV00167,ORD00223,CUST0208,1,Negative,2025-02-11
REV00168,ORD00224,CUST0077,5,Positive,2025-09-02
REV00169,ORD00225,CUST0046,5,Positive,2025-11-09
REV00170,ORD00226,CUST0208,2,Negative,2025-07-17
REV00171,ORD00227,CUST0074,4,Positive,2025-09-23
REV00172,ORD00228,CUST0197,5,Positive,2025-07-07
REV00173,ORD00234,CUST0122,5,Positive,2025-12-19
REV00174,ORD00236,CUST0172,3,Neutral,2025-06-07
REV00175,ORD00237,CUST0006,5,Positive,2025-12-19
REV00176,ORD00240,CUST0202,3,Neutral,2025-04-18
REV00177,ORD00241,CUST0010,4,Positive,2025-09-16
REV00178,ORD00242,CUST0277,4,Positive,2025-05-08
REV00179,ORD00243,CUST0042,5,Positive,2025-09-01
REV00180,ORD00244,CUST0072,4,Positive,2025-01-31
REV00181,ORD00247,CUST0206,4,Positive,2025-06-22
REV00182,ORD00248,CUST0052,5,Positive,2025-12-07
REV00183,ORD00250,CUST0260,3,Neutral,2025-05-03
REV00184,ORD00251,CUST0172,4,Positive,2025-11-24
REV00185,ORD00253,CUST0233,4,Positive,2025-04-17
REV00186,ORD00254,CUST0088,5,Positive,2025-07-03
REV00187,ORD00256,CUST0214,5,Positive,2025-02-07
REV00188,ORD00257,CUST0112,5,Positive,2025-03-23
REV00189,ORD00258,CUST0095,4,Positive,2025-07-17
REV00190,ORD00259,CUST0042,5,Positive,2025-12-03
REV00191,ORD00261,CUST0150,5,Positive,2025-08-26
REV00192,ORD00262,CUST0243,4,Positive,2025-07-15
REV00193,ORD00263,CUST0281,4,Positive,2025-08-23
REV00194,ORD00264,CUST0083,5,Positive,2026-01-06
REV00195,ORD00265,CUST0191,4,Positive,2025-08-29
REV00196,ORD00266,CUST0243,5,Positive,2025-06-08
REV00197,ORD00269,CUST0213,4,Positive,2025-08-25
REV00198,ORD00270,CUST0213,4,Positive,2025-04-16
REV00199,ORD00271,CUST0115,3,Neutral,2025-01-18
REV00200,ORD00272,CUST0186,3,Neutral,2025-11-10
REV00201,ORD00273,CUST0070,2,Negative,2025-07-22
REV00202,ORD00274,CUST0181,5,Positive,2025-04-02
REV00203,ORD00275,CUST0273,5,Positive,2026-01-09
REV00204,ORD00276,CUST0158,1,Negative,2025-03-11
REV00205,ORD00279,CUST0110,5,Positive,2025-09-28
REV00206,ORD00281,CUST0228,5,Positive,2025-05-01
REV00207,ORD00282,CUST0087,3,Neutral,2025-02-09
REV00208,ORD00283,CUST0016,5,Positive,2025-03-11
REV00209,ORD00284,CUST0010,5,Positive,2025-02-06
REV00210,ORD00285,CUST0252,4,Positive,2025-12-24
REV00211,ORD00286,CUST0014,4,Positive,2025-11-29
REV00212,ORD00287,CUST0087,4,Positive,2025-01-16
REV00213,ORD00290,CUST0155,5,Positive,2025-10-06
REV00214,ORD00291,CUST0256,5,Positive,2025-04-30
REV00215,ORD00292,CUST0147,5,Positive,2025-11-30
REV00216,ORD00293,CUST0104,4,Positive,2025-03-27
REV00217,ORD00294,CUST0209,2,Negative,2025-07-18
REV00218,ORD00295,CUST0169,4,Positive,2025-11-09
REV00219,ORD00297,CUST0123,5,Positive,2025-05-25
REV00220,ORD00298,CUST0018,4,Positive,2025-06-09
REV00221,ORD00299,CUST0168,3,Neutral,2025-08-27
REV00222,ORD00301,CUST0118,5,Positive,2025-03-02
REV00223,ORD00302,CUST0233,3,Neutral,2025-12-22
REV00224,ORD00303,CUST0135,4,Positive,2025-05-16
REV00225,ORD00304,CUST0132,3,Neutral,2025-02-21
REV00226,ORD00305,CUST0155,4,Positive,2025-07-28
REV00227,ORD00306,CUST0134,5,Positive,2025-03-20
REV00228,ORD00307,CUST0226,5,Positive,2025-02-14
REV00229,ORD00308,CUST0235,3,Neutral,2025-09-12
REV00230,ORD00311,CUST0167,5,Positive,2025-11-02
REV00231,ORD00312,CUST0046,3,Neutral,2025-01-27
REV00232,ORD00313,CUST0199,5,Positive,2025-09-05
REV00233,ORD00314,CUST0149,5,Positive,2025-09-11
REV00234,ORD00315,CUST0024,3,Neutral,2025-02-22
REV00235,ORD00316,CUST0055,5,Positive,2025-08-24
REV00236,ORD00317,CUST0203,5,Positive,2025-06-12
REV00237,ORD00319,CUST0297,1,Negative,2025-11-22
REV00238,ORD00320,CUST0162,4,Positive,2025-10-29
REV00239,ORD00321,CUST0113,4,Positive,2025-11-14
REV00240,ORD00322,CUST0083,3,Neutral,2025-11-18
REV00241,ORD00326,CUST0079,4,Positive,2025-12-13
REV00242,ORD00327,CUST0185,5,Positive,2025-11-23
REV00243,ORD00328,CUST0044,4,Positive,2025-07-04
REV00244,ORD00329,CUST0215,5,Positive,2025-08-13
REV00245,ORD00330,CUST0227,5,Positive,2026-01-04
REV00246,ORD00332,CUST0057,4,Positive,2025-02-09
REV00247,ORD00334,CUST0233,5,Positive,2025-03-02
REV00248,ORD00335,CUST0300,5,Positive,2025-09-18
REV00249,ORD00336,CUST0109,5,Positive,2025-09-02
REV00250,ORD00337,CUST0111,4,Positive,2025-04-20
REV00251,ORD00338,CUST0230,2,Negative,2025-03-25
REV00252,ORD00339,CUST0013,3,Neutral,2025-11-06
REV00253,ORD00340,CUST0258,4,Positive,2025-01-30
REV00254,ORD00341,CUST0024,5,Positive,2025-09-15
REV00255,ORD00342,CUST0158,5,Positive,2025-08-02
REV00256,ORD00343,CUST0027,4,Positive,2025-04-19
REV00257,ORD00345,CUST0276,5,Positive,2025-08-16
REV00258,ORD00346,CUST0024,5,Positive,2025-04-09
REV00259,ORD00347,CUST0140,4,Positive,2025-05-23
REV00260,ORD00348,CUST0202,3,Neutral,2025-10-05
REV00261,ORD00349,CUST0064,5,Positive,2025-09-07
REV00262,ORD00350,CUST0019,5,Positive,2025-06-13
REV00263,ORD00352,CUST0273,4,Positive,2025-11-28
REV00264,ORD00353,CUST0186,5,Positive,2025-10-07
REV00265,ORD00354,CUST0039,2,Negative,2025-05-17
REV00266,ORD00355,CUST0175,4,Positive,2025-02-01
REV00267,ORD00356,CUST0066,5,Positive,2025-02-03
REV00268,ORD00357,CUST0233,2,Negative,2025-07-24
REV00269,ORD00358,CUST0294,5,Positive,2025-03-19
REV00270,ORD00360,CUST0287,5,Positive,2025-02-17
REV00271,ORD00361,CUST0172,5,Positive,2025-11-20
REV00272,ORD00362,CUST0205,3,Neutral,2025-04-12
REV00273,ORD00365,CUST0098,4,Positive,2025-04-13
REV00274,ORD00366,CUST0086,3,Neutral,2025-10-02
REV00275,ORD00367,CUST0299,2,Negative,2025-12-03
REV00276,ORD00368,CUST0152,3,Neutral,2025-08-25
REV00277,ORD00369,CUST0136,3,Neutral,2025-12-05
REV00278,ORD00370,CUST0169,3,Neutral,2025-05-22
REV00279,ORD00371,CUST0207,2,Negative,2025-07-29
REV00280,ORD00372,CUST0256,5,Positive,2025-12-16
REV00281,ORD00373,CUST0291,5,Positive,2025-11-23
REV00282,ORD00374,CUST0088,2,Negative,2025-02-26
REV00283,ORD00379,CUST0081,3,Neutral,2025-05-24
REV00284,ORD00380,CUST0237,5,Positive,2025-01-31
REV00285,ORD00381,CUST0237,4,Positive,2025-02-08
REV00286,ORD00382,CUST0006,5,Positive,2025-12-18
REV00287,ORD00385,CUST0062,1,Negative,2025-05-07
REV00288,ORD00386,CUST0211,5,Positive,2025-06-16
REV00289,ORD00389,CUST0228,2,Negative,2025-06-27
REV00290,ORD00390,CUST0114,3,Neutral,2025-11-27
REV00291,ORD00391,CUST0105,3,Neutral,2025-05-17
REV00292,ORD00392,CUST0217,4,Positive,2025-09-30
REV00293,ORD00394,CUST0203,5,Positive,2025-07-24
REV00294,ORD00395,CUST0261,5,Positive,2026-01-05
REV00295,ORD00396,CUST0134,4,Positive,2025-11-10
REV00296,ORD00400,CUST0099,4,Positive,2025-05-18
REV00297,ORD00401,CUST0005,4,Positive,2025-02-06
REV00298,ORD00402,CUST0002,5,Positive,2025-09-08
REV00299,ORD00403,CUST0264,5,Positive,2025-08-17
REV00300,ORD00404,CUST0052,4,Positive,2025-07-26
REV00301,ORD00408,CUST0296,5,Positive,2025-01-04
REV00302,ORD00409,CUST0164,5,Positive,2025-06-15
REV00303,ORD00410,CUST0250,4,Positive,2025-08-05
REV00304,ORD00412,CUST0087,3,Neutral,2025-02-15
REV00305,ORD00413,CUST0155,5,Positive,2026-01-06
REV00306,ORD00414,CUST0116,4,Positive,2025-01-14
REV00307,ORD00416,CUST0063,5,Positive,2025-01-23
REV00308,ORD00417,CUST0128,4,Positive,2025-06-11
REV00309,ORD00418,CUST0051,4,Positive,2025-12-16
REV00310,ORD00419,CUST0218,4,Positive,2026-01-03
REV00311,ORD00420,CUST0140,4,Positive,2025-04-05
REV00312,ORD00423,CUST0118,3,Neutral,2025-06-23
REV00313,ORD00425,CUST0218,2,Negative,2026-01-04
REV00314,ORD00426,CUST0277,4,Positive,2025-03-18
REV00315,ORD00427,CUST0169,5,Positive,2025-06-04
REV00316,ORD00428,CUST0080,4,Positive,2025-12-18
REV00317,ORD00429,CUST0003,3,Neutral,2025-07-18
REV00318,ORD00430,CUST0251,4,Positive,2025-10-11
REV00319,ORD00431,CUST0223,5,Positive,2025-09-18
REV00320,ORD00432,CUST0102,3,Neutral,2025-09-06
REV00321,ORD00433,CUST0219,2,Negative,2025-01-23
REV00322,ORD00434,CUST0144,5,Positive,2025-07-12
REV00323,ORD00435,CUST0172,5,Positive,2025-06-10
REV00324,ORD00437,CUST0023,3,Neutral,2025-03-13
REV00325,ORD00438,CUST0149,3,Neutral,2025-02-01
REV00326,ORD00439,CUST0005,5,Positive,2025-09-23
REV00327,ORD00440,CUST0128,5,Positive,2025-05-08
REV00328,ORD00444,CUST0052,2,Negative,2025-10-03
REV00329,ORD00445,CUST0007,3,Neutral,2025-01-24
REV00330,ORD00446,CUST0137,5,Positive,2025-11-27
REV00331,ORD00448,CUST0023,4,Positive,2025-11-16
REV00332,ORD00449,CUST0040,2,Negative,2025-01-16
REV00333,ORD00450,CUST0181,4,Positive,2025-06-22
REV00334,ORD00452,CUST0151,1,Negative,2025-09-08
REV00335,ORD00455,CUST0284,4,Positive,2026-01-09
REV00336,ORD00458,CUST0290,4,Positive,2025-02-05
REV00337,ORD00459,CUST0067,3,Neutral,2026-01-11
REV00338,ORD00460,CUST0041,4,Positive,2025-12-02
REV00339,ORD00462,CUST0281,4,Positive,2025-02-24
REV00340,ORD00463,CUST0227,5,Positive,2025-12-11
REV00341,ORD00464,CUST0192,5,Positive,2025-02-26
REV00342,ORD00465,CUST0222,3,Neutral,2025-05-03
REV00343,ORD00467,CUST0048,5,Positive,2025-08-20
REV00344,ORD00469,CUST0097,5,Positive,2025-08-09
REV00345,ORD00470,CUST0256,4,Positive,2025-12-13
REV00346,ORD00471,CUST0146,5,Positive,2025-12-23
REV00347,ORD00474,CUST0296,4,Positive,2025-08-22
REV00348,ORD00475,CUST0134,1,Negative,2025-10-17
REV00349,ORD00476,CUST0233,2,Negative,2025-11-25
REV00350,ORD00477,CUST0074,4,Positive,2025-11-26
REV00351,ORD00478,CUST0201,1,Negative,2025-02-28
REV00352,ORD00479,CUST0291,1,Negative,2025-11-22
REV00353,ORD00480,CUST0266,2,Negative,2025-10-09
REV00354,ORD00481,CUST0151,2,Negative,2025-09-11
REV00355,ORD00483,CUST0272,5,Positive,2025-07-09
REV00356,ORD00484,CUST0288,5,Positive,2025-02-18
REV00357,ORD00485,CUST0163,4,Positive,2025-06-28
REV00358,ORD00488,CUST0276,5,Positive,2025-01-23
REV00359,ORD00489,CUST0236,3,Neutral,2025-03-14
REV00360,ORD00493,CUST0096,4,Positive,2025-05-30
REV00361,ORD00494,CUST0051,3,Neutral,2025-01-31
REV00362,ORD00495,CUST0113,5,Positive,2025-03-10
REV00363,ORD00496,CUST0254,5,Positive,2025-04-25
REV00364,ORD00497,CUST0088,5,Positive,2025-06-13
REV00365,ORD00499,CUST0049,4,Positive,2025-03-11
REV00366,ORD00501,CUST0231,4,Positive,2025-10-13
REV00367,ORD00502,CUST0291,2,Negative,2025-07-08
REV00368,ORD00504,CUST0258,3,Neutral,2025-12-26
REV00369,ORD00505,CUST0103,4,Positive,2025-06-17
REV00370,ORD00506,CUST0219,4,Positive,2025-09-15
REV00371,ORD00507,CUST0290,4,Positive,2025-06-05
REV00372,ORD00508,CUST0149,5,Positive,2025-10-23
REV00373,ORD00509,CUST0155,2,Negative,2025-11-20
REV00374,ORD00510,CUST0259,4,Positive,2025-08-21
REV00375,ORD00512,CUST0182,3,Neutral,2025-04-02
REV00376,ORD00513,CUST0174,4,Positive,2025-09-11
REV00377,ORD00514,CUST0270,5,Positive,2025-05-30
REV00378,ORD00516,CUST0090,5,Positive,2025-06-22
REV00379,ORD00517,CUST0045,4,Positive,2025-11-14
REV00380,ORD00518,CUST0071,5,Positive,2025-02-15
REV00381,ORD00519,CUST0129,4,Positive,2025-07-24
REV00382,ORD00520,CUST0299,5,Positive,2025-09-08
REV00383,ORD00522,CUST0139,5,Positive,2025-01-24
REV00384,ORD00523,CUST0283,1,Negative,2025-09-19
REV00385,ORD00524,CUST0275,2,Negative,2025-10-22
REV00386,ORD00525,CUST0040,5,Positive,2025-05-26
REV00387,ORD00526,CUST0144,4,Positive,2025-02-26
REV00388,ORD00527,CUST0059,1,Negative,2025-01-19
REV00389,ORD00528,CUST0195,5,Positive,2025-04-13
REV00390,ORD00529,CUST0015,4,Positive,2025-07-01
REV00391,ORD00530,CUST0196,4,Positive,2025-09-10
REV00392,ORD00531,CUST0138,1,Negative,2025-12-17
REV00393,ORD00532,CUST0246,5,Positive,2025-11-29
REV00394,ORD00533,CUST0117,2,Negative,2025-11-29
REV00395,ORD00534,CUST0132,4,Positive,2025-01-24
REV00396,ORD00535,CUST0037,3,Neutral,2025-12-07
REV00397,ORD00537,CUST0115,3,Neutral,2025-11-06
REV00398,ORD00538,CUST0151,4,Positive,2025-05-09
REV00399,ORD00539,CUST0186,5,Positive,2025-12-13
REV00400,ORD00540,CUST0161,4,Positive,2025-03-19
REV00401,ORD00541,CUST0052,5,Positive,2025-03-11
REV00402,ORD00543,CUST0069,5,Positive,2025-04-14
REV00403,ORD00544,CUST0050,5,Positive,2025-05-07
REV00404,ORD00546,CUST0055,4,Positive,2025-05-01
REV00405,ORD00548,CUST0253,4,Positive,2025-06-02
REV00406,ORD00550,CUST0145,4,Positive,2025-03-27
REV00407,ORD00555,CUST0057,5,Positive,2025-11-20
REV00408,ORD00556,CUST0149,5,Positive,2025-04-03
REV00409,ORD00557,CUST0044,4,Positive,2025-02-20
REV00410,ORD00558,CUST0166,4,Positive,2025-08-25
REV00411,ORD00559,CUST0260,4,Positive,2025-05-11
REV00412,ORD00561,CUST0291,5,Positive,2025-05-17
REV00413,ORD00562,CUST0280,4,Positive,2025-09-18
REV00414,ORD00563,CUST0086,4,Positive,2025-04-23
REV00415,ORD00564,CUST0139,3,Neutral,2025-10-07
REV00416,ORD00565,CUST0070,4,Positive,2025-03-31
REV00417,ORD00566,CUST0032,4,Positive,2025-11-24
REV00418,ORD00567,CUST0040,3,Neutral,2025-11-17
REV00419,ORD00568,CUST0108,5,Positive,2025-04-06
REV00420,ORD00570,CUST0062,4,Positive,2025-10-15
REV00421,ORD00571,CUST0159,3,Neutral,2025-06-21
REV00422,ORD00572,CUST0293,5,Positive,2025-01-22
REV00423,ORD00575,CUST0076,2,Negative,2025-05-21
REV00424,ORD00576,CUST0096,5,Positive,2025-06-20
REV00425,ORD00577,CUST0068,4,Positive,2025-06-12
REV00426,ORD00579,CUST0107,3,Neutral,2025-07-01
REV00427,ORD00580,CUST0240,5,Positive,2025-11-02
REV00428,ORD00581,CUST0096,5,Positive,2025-07-15
REV00429,ORD00583,CUST0269,5,Positive,2025-04-25
REV00430,ORD00584,CUST0003,3,Neutral,2025-09-17
REV00431,ORD00585,CUST0202,5,Positive,2025-10-05
REV00432,ORD00586,CUST0118,5,Positive,2025-03-27
REV00433,ORD00587,CUST0092,4,Positive,2025-04-10
REV00434,ORD00588,CUST0006,4,Positive,2025-09-25
REV00435,ORD00591,CUST0278,4,Positive,2025-05-23
REV00436,ORD00592,CUST0075,5,Positive,2025-11-25
REV00437,ORD00594,CUST0026,2,Negative,2025-07-21
REV00438,ORD00595,CUST0237,4,Positive,2025-11-17
REV00439,ORD00596,CUST0244,5,Positive,2025-10-17
REV00440,ORD00597,CUST0250,4,Positive,2025-10-30
REV00441,ORD00598,CUST0012,3,Neutral,2025-06-02
REV00442,ORD00599,CUST0206,4,Positive,2025-10-28
REV00443,ORD00600,CUST0201,5,Positive,2025-05-10
REV00444,ORD00606,CUST0058,4,Positive,2025-04-07
REV00445,ORD00607,CUST0291,4,Positive,2025-06-06
REV00446,ORD00608,CUST0151,4,Positive,2025-03-28
REV00447,ORD00609,CUST0177,2,Negative,2025-12-05
REV00448,ORD00612,CUST0029,3,Neutral,2025-08-25
REV00449,ORD00613,CUST0033,3,Neutral,2025-03-26
REV00450,ORD00614,CUST0154,4,Positive,2025-10-30
REV00451,ORD00618,CUST0243,3,Neutral,2025-12-17
REV00452,ORD00619,CUST0141,3,Neutral,2025-01-27
REV00453,ORD00620,CUST0241,5,Positive,2025-01-29
REV00454,ORD00621,CUST0242,1,Negative,2025-03-14
REV00455,ORD00623,CUST0072,4,Positive,2025-03-15
REV00456,ORD00625,CUST0098,3,Neutral,2025-02-21
REV00457,ORD00627,CUST0296,3,Neutral,2025-03-28
REV00458,ORD00628,CUST0104,4,Positive,2025-06-13
REV00459,ORD00629,CUST0195,3,Neutral,2025-02-12
REV00460,ORD00630,CUST0184,5,Positive,2025-06-25
REV00461,ORD00631,CUST0185,4,Positive,2025-06-15
REV00462,ORD00633,CUST0170,4,Positive,2025-01-19
REV00463,ORD00634,CUST0058,4,Positive,2025-09-06
REV00464,ORD00635,CUST0245,3,Neutral,2025-09-20
REV00465,ORD00636,CUST0095,5,Positive,2025-12-07
REV00466,ORD00637,CUST0198,5,Positive,2025-12-10
REV00467,ORD00638,CUST0208,5,Positive,2025-09-07
REV00468,ORD00639,CUST0135,4,Positive,2025-02-06
REV00469,ORD00642,CUST0218,3,Neutral,2025-05-03
REV00470,ORD00643,CUST0160,5,Positive,2025-05-02
REV00471,ORD00644,CUST0201,5,Positive,2025-11-18
REV00472,ORD00645,CUST0233,4,Positive,2025-04-02
REV00473,ORD00646,CUST0124,5,Positive,2025-12-17
REV00474,ORD00647,CUST0183,5,Positive,2025-02-26
REV00475,ORD00648,CUST0266,4,Positive,2025-12-22
REV00476,ORD00650,CUST0051,5,Positive,2025-06-09
REV00477,ORD00652,CUST0117,4,Positive,2025-06-25
REV00478,ORD00653,CUST0082,2,Negative,2025-04-11
REV00479,ORD00655,CUST0126,4,Positive,2025-10-28
REV00480,ORD00656,CUST0099,2,Negative,2025-08-06
REV00481,ORD00657,CUST0165,4,Positive,2026-01-02
REV00482,ORD00659,CUST0111,4,Positive,2025-12-18
REV00483,ORD00660,CUST0062,2,Negative,2025-02-20
REV00484,ORD00661,CUST0294,3,Neutral,2026-01-08
REV00485,ORD00662,CUST0103,4,Positive,2025-05-17
REV00486,ORD00663,CUST0289,4,Positive,2025-07-18
REV00487,ORD00664,CUST0260,2,Negative,2025-04-06
REV00488,ORD00666,CUST0051,3,Neutral,2025-10-09
REV00489,ORD00667,CUST0207,4,Positive,2025-08-14
REV00490,ORD00669,CUST0027,2,Negative,2025-12-25
REV00491,ORD00672,CUST0159,5,Positive,2025-04-29
REV00492,ORD00674,CUST0204,5,Positive,2025-05-30
REV00493,ORD00675,CUST0124,3,Neutral,2025-08-15
REV00494,ORD00676,CUST0201,3,Neutral,2025-08-02
REV00495,ORD00677,CUST0163,4,Positive,2025-02-13
REV00496,ORD00680,CUST0117,4,Positive,2025-08-12
REV00497,ORD00681,CUST0106,5,Positive,2025-05-21
REV00498,ORD00682,CUST0027,5,Positive,2025-04-30
REV00499,ORD00683,CUST0162,5,Positive,2025-11-22
REV00500,ORD00684,CUST0104,5,Positive,2025-03-26
REV00501,ORD00685,CUST0213,4,Positive,2025-03-05
REV00502,ORD00687,CUST0036,4,Positive,2025-04-18
REV00503,ORD00688,CUST0009,5,Positive,2025-11-25
REV00504,ORD00690,CUST0010,4,Positive,2025-06-14
REV00505,ORD00691,CUST0043,3,Neutral,2025-08-28
REV00506,ORD00692,CUST0045,3,Neutral,2025-02-12
REV00507,ORD00693,CUST0199,5,Positive,2025-06-21
REV00508,ORD00694,CUST0203,5,Positive,2025-11-26
REV00509,ORD00696,CUST0292,1,Negative,2025-05-28
REV00510,ORD00698,CUST0163,5,Positive,2025-08-03
REV00511,ORD00699,CUST0143,5,Positive,2025-05-12
REV00512,ORD00701,CUST0244,4,Positive,2025-06-03
REV00513,ORD00702,CUST0035,4,Positive,2025-08-29
REV00514,ORD00704,CUST0145,5,Positive,2025-05-14
REV00515,ORD00705,CUST0229,5,Positive,2025-11-22
REV00516,ORD00706,CUST0027,3,Neutral,2025-07-07
REV00517,ORD00709,CUST0230,5,Positive,2025-03-29
REV00518,ORD00710,CUST0071,4,Positive,2025-09-22
REV00519,ORD00711,CUST0118,4,Positive,2025-11-13
REV00520,ORD00712,CUST0199,5,Positive,2025-03-31
REV00521,ORD00716,CUST0039,5,Positive,2025-05-26
REV00522,ORD00717,CUST0244,4,Positive,2025-04-07
REV00523,ORD00719,CUST0223,4,Positive,2025-11-02
REV00524,ORD00720,CUST0277,4,Positive,2025-03-31
REV00525,ORD00722,CUST0075,5,Positive,2025-11-12
REV00526,ORD00723,CUST0172,5,Positive,2025-09-19
REV00527,ORD00724,CUST0124,1,Negative,2025-08-07
REV00528,ORD00725,CUST0176,5,Positive,2025-08-01
REV00529,ORD00726,CUST0276,4,Positive,2025-03-08
REV00530,ORD00727,CUST0111,5,Positive,2025-11-14
REV00531,ORD00730,CUST0118,5,Positive,2025-08-29
REV00532,ORD00732,CUST0071,2,Negative,2025-03-06
REV00533,ORD00736,CUST0135,4,Positive,2025-08-15
REV00534,ORD00737,CUST0209,5,Positive,2025-12-09
REV00535,ORD00738,CUST0156,4,Positive,2025-10-06
REV00536,ORD00739,CUST0251,3,Neutral,2025-07-06
REV00537,ORD00740,CUST0099,4,Positive,2025-07-10
REV00538,ORD00741,CUST0284,5,Positive,2025-06-30
REV00539,ORD00742,CUST0276,5,Positive,2025-07-14
REV00540,ORD00743,CUST0142,5,Positive,2025-09-22
REV00541,ORD00744,CUST0022,5,Positive,2025-02-15
REV00542,ORD00745,CUST0146,5,Positive,2025-08-23
REV00543,ORD00746,CUST0105,5,Positive,2025-10-14
REV00544,ORD00747,CUST0144,5,Positive,2025-03-10
REV00545,ORD00748,CUST0195,4,Positive,2025-01-16
REV00546,ORD00749,CUST0194,5,Positive,2025-04-01
REV00547,ORD00752,CUST0048,3,Neutral,2025-11-16
REV00548,ORD00754,CUST0284,4,Positive,2025-07-21
REV00549,ORD00755,CUST0294,5,Positive,2025-06-06
REV00550,ORD00756,CUST0282,4,Positive,2025-10-18
REV00551,ORD00757,CUST0013,3,Neutral,2025-06-13
REV00552,ORD00758,CUST0117,4,Positive,2025-08-24
REV00553,ORD00759,CUST0182,5,Positive,2025-09-30
REV00554,ORD00760,CUST0031,5,Positive,2025-01-30
REV00555,ORD00761,CUST0222,5,Positive,2025-09-29
REV00556,ORD00762,CUST0048,4,Positive,2025-11-20
REV00557,ORD00764,CUST0191,1,Negative,2025-09-15
REV00558,ORD00766,CUST0113,5,Positive,2025-05-12
REV00559,ORD00767,CUST0161,5,Positive,2025-02-04
REV00560,ORD00769,CUST0188,5,Positive,2025-12-22
REV00561,ORD00773,CUST0145,4,Positive,2025-07-04
REV00562,ORD00774,CUST0099,4,Positive,2025-07-11
REV00563,ORD00775,CUST0162,4,Positive,2025-10-28
REV00564,ORD00776,CUST0104,3,Neutral,2025-04-21
REV00565,ORD00778,CUST0023,4,Positive,2025-06-06
REV00566,ORD00780,CUST0141,5,Positive,2025-10-21
REV00567,ORD00781,CUST0169,5,Positive,2025-04-16
REV00568,ORD00783,CUST0123,5,Positive,2025-02-16
REV00569,ORD00785,CUST0207,4,Positive,2025-04-21
REV00570,ORD00786,CUST0293,2,Negative,2025-07-07
REV00571,ORD00787,CUST0243,5,Positive,2025-09-17
REV00572,ORD00788,CUST0133,4,Positive,2025-07-19
REV00573,ORD00791,CUST0127,5,Positive,2025-02-19
REV00574,ORD00792,CUST0253,3,Neutral,2025-10-13
REV00575,ORD00794,CUST0128,3,Neutral,2025-03-15
REV00576,ORD00795,CUST0076,5,Positive,2025-12-07
REV00577,ORD00796,CUST0251,3,Neutral,2025-09-10
REV00578,ORD00797,CUST0243,3,Neutral,2025-10-08
REV00579,ORD00799,CUST0207,5,Positive,2025-01-13
REV00580,ORD00800,CUST0077,3,Neutral,2025-01-19
REV00581,ORD00801,CUST0206,3,Neutral,2025-12-28
REV00582,ORD00802,CUST0009,3,Neutral,2026-01-09
REV00583,ORD00803,CUST0210,5,Positive,2025-03-06
REV00584,ORD00804,CUST0244,4,Positive,2025-12-21
REV00585,ORD00806,CUST0120,5,Positive,2025-02-04
REV00586,ORD00808,CUST0109,5,Positive,2025-02-27
REV00587,ORD00809,CUST0169,5,Positive,2025-08-22
REV00588,ORD00812,CUST0046,1,Negative,2025-09-25
REV00589,ORD00813,CUST0013,2,Negative,2025-01-18
REV00590,ORD00814,CUST0077,4,Positive,2025-07-17
REV00591,ORD00815,CUST0268,2,Negative,2025-02-27
REV00592,ORD00818,CUST0009,5,Positive,2025-12-04
REV00593,ORD00819,CUST0003,5,Positive,2025-05-28
REV00594,ORD00820,CUST0138,1,Negative,2025-05-20
REV00595,ORD00822,CUST0200,4,Positive,2025-04-06
REV00596,ORD00823,CUST0144,5,Positive,2025-06-01
REV00597,ORD00825,CUST0053,4,Positive,2025-02-19
REV00598,ORD00826,CUST0040,5,Positive,2025-03-01
REV00599,ORD00827,CUST0136,4,Positive,2025-05-31
REV00600,ORD00828,CUST0270,5,Positive,2025-12-02
REV00601,ORD00829,CUST0259,5,Positive,2025-03-30
REV00602,ORD00832,CUST0131,3,Neutral,2025-07-12
REV00603,ORD00834,CUST0271,4,Positive,2025-03-13
REV00604,ORD00835,CUST0232,4,Positive,2025-05-27
REV00605,ORD00837,CUST0292,2,Negative,2025-11-28
REV00606,ORD00838,CUST0016,5,Positive,2025-12-10
REV00607,ORD00839,CUST0175,4,Positive,2025-01-31
REV00608,ORD00840,CUST0051,5,Positive,2025-12-22
REV00609,ORD00842,CUST0200,2,Negative,2025-02-20
REV00610,ORD00843,CUST0029,4,Positive,2025-11-20
REV00611,ORD00844,CUST0139,1,Negative,2025-01-13
REV00612,ORD00845,CUST0252,2,Negative,2025-11-25
REV00613,ORD00847,CUST0238,5,Positive,2025-01-12
REV00614,ORD00850,CUST0256,4,Positive,2025-12-23
REV00615,ORD00851,CUST0088,1,Negative,2025-10-30
REV00616,ORD00853,CUST0187,1,Negative,2025-01-14
REV00617,ORD00854,CUST0277,4,Positive,2025-08-21
REV00618,ORD00856,CUST0018,5,Positive,2025-11-09
REV00619,ORD00857,CUST0226,4,Positive,2025-02-20
REV00620,ORD00860,CUST0200,3,Neutral,2025-08-02
REV00621,ORD00861,CUST0202,4,Positive,2025-09-02
REV00622,ORD00862,CUST0100,5,Positive,2025-10-21
REV00623,ORD00863,CUST0086,4,Positive,2025-11-05
REV00624,ORD00865,CUST0115,5,Positive,2025-01-12
REV00625,ORD00866,CUST0202,5,Positive,2025-06-25
REV00626,ORD00867,CUST0050,4,Positive,2025-05-20
REV00627,ORD00869,CUST0286,4,Positive,2025-08-18
REV00628,ORD00870,CUST0278,5,Positive,2025-11-23
REV00629,ORD00871,CUST0022,4,Positive,2025-03-29
REV00630,ORD00872,CUST0003,4,Positive,2025-07-02
REV00631,ORD00873,CUST0074,5,Positive,2025-09-20
REV00632,ORD00874,CUST0189,2,Negative,2025-05-30
REV00633,ORD00875,CUST0047,3,Neutral,2025-10-01
REV00634,ORD00876,CUST0180,4,Positive,2025-09-19
REV00635,ORD00877,CUST0196,5,Positive,2025-12-05
REV00636,ORD00878,CUST0167,5,Positive,2025-04-13
REV00637,ORD00879,CUST0284,3,Neutral,2025-10-23
REV00638,ORD00880,CUST0149,2,Negative,2025-05-10
REV00639,ORD00881,CUST0170,5,Positive,2025-05-16
REV00640,ORD00882,CUST0067,4,Positive,2025-04-07
REV00641,ORD00885,CUST0293,4,Positive,2025-02-22
REV00642,ORD00888,CUST0128,4,Positive,2025-04-30
REV00643,ORD00890,CUST0077,5,Positive,2025-11-10
REV00644,ORD00891,CUST0292,4,Positive,2025-11-15
REV00645,ORD00892,CUST0199,4,Positive,2025-06-10
REV00646,ORD00894,CUST0004,4,Positive,2025-05-05
REV00647,ORD00895,CUST0034,1,Negative,2025-07-12
REV00648,ORD00896,CUST0285,3,Neutral,2025-02-18
REV00649,ORD00897,CUST0022,3,Neutral,2025-10-09
REV00650,ORD00899,CUST0090,4,Positive,2025-03-12
REV00651,ORD00900,CUST0102,4,Positive,2025-12-30
REV00652,ORD00902,CUST0035,4,Positive,2025-11-02
REV00653,ORD00903,CUST0203,4,Positive,2025-11-21
REV00654,ORD00904,CUST0051,4,Positive,2025-04-07
REV00655,ORD00905,CUST0149,4,Positive,2025-11-13
REV00656,ORD00909,CUST0232,1,Negative,2025-07-19
REV00657,ORD00910,CUST0164,5,Positive,2025-09-20
REV00658,ORD00911,CUST0139,3,Neutral,2025-04-15
REV00659,ORD00912,CUST0182,5,Positive,2025-05-17
REV00660,ORD00913,CUST0286,3,Neutral,2025-05-09
REV00661,ORD00914,CUST0197,3,Neutral,2025-10-20
REV00662,ORD00915,CUST0297,4,Positive,2025-05-15
REV00663,ORD00917,CUST0128,3,Neutral,2025-07-08
REV00664,ORD00920,CUST0075,3,Neutral,2025-03-03
REV00665,ORD00921,CUST0026,2,Negative,2025-03-15
REV00666,ORD00922,CUST0041,1,Negative,2025-08-07
REV00667,ORD00923,CUST0294,4,Positive,2025-06-19
REV00668,ORD00924,CUST0026,5,Positive,2025-06-29
REV00669,ORD00925,CUST0114,4,Positive,2025-04-22
REV00670,ORD00929,CUST0140,5,Positive,2025-09-03
REV00671,ORD00930,CUST0176,3,Neutral,2025-05-09
REV00672,ORD00932,CUST0058,5,Positive,2025-03-20
REV00673,ORD00933,CUST0251,5,Positive,2025-03-31
REV00674,ORD00937,CUST0165,4,Positive,2025-05-22
REV00675,ORD00938,CUST0080,5,Positive,2026-01-08
REV00676,ORD00939,CUST0196,2,Negative,2026-01-18
REV00677,ORD00940,CUST0256,3,Neutral,2025-01-19
REV00678,ORD00941,CUST0060,1,Negative,2025-01-12
REV00679,ORD00945,CUST0047,4,Positive,2026-01-09
REV00680,ORD00946,CUST0288,3,Neutral,2025-04-25
REV00681,ORD00948,CUST0268,3,Neutral,2025-10-30
REV00682,ORD00949,CUST0039,4,Positive,2025-03-09
REV00683,ORD00950,CUST0039,4,Positive,2025-08-22
REV00684,ORD00951,CUST0164,2,Negative,2025-08-18
REV00685,ORD00952,CUST0109,4,Positive,2025-03-29
REV00686,ORD00953,CUST0094,2,Negative,2025-03-27
REV00687,ORD00955,CUST0045,5,Positive,2025-09-29
REV00688,ORD00956,CUST0068,3,Neutral,2025-11-04
REV00689,ORD00957,CUST0079,5,Positive,2025-07-09
REV00690,ORD00958,CUST0173,3,Neutral,2025-04-07
REV00691,ORD00959,CUST0258,4,Positive,2025-04-20
REV00692,ORD00960,CUST0026,2,Negative,2025-07-26
REV00693,ORD00961,CUST0237,5,Positive,2025-09-30
REV00694,ORD00962,CUST0120,5,Positive,2025-06-13
REV00695,ORD00963,CUST0081,4,Positive,2025-08-14
REV00696,ORD00964,CUST0017,4,Positive,2025-08-15
REV00697,ORD00965,CUST0119,4,Positive,2025-12-11
REV00698,ORD00966,CUST0110,4,Positive,2025-08-15
REV00699,ORD00967,CUST0280,4,Positive,2025-07-05
REV00700,ORD00968,CUST0204,3,Neutral,2025-10-26
REV00701,ORD00969,CUST0112,5,Positive,2025-12-13
REV00702,ORD00970,CUST0147,5,Positive,2025-03-16
REV00703,ORD00974,CUST0215,1,Negative,2025-12-26
REV00704,ORD00975,CUST0059,2,Negative,2025-03-06
REV00705,ORD00976,CUST0064,2,Negative,2025-10-15
REV00706,ORD00978,CUST0035,4,Positive,2025-10-15
REV00707,ORD00979,CUST0245,5,Positive,2025-04-02
REV00708,ORD00980,CUST0068,5,Positive,2025-09-29
REV00709,ORD00981,CUST0142,2,Negative,2026-01-04
REV00710,ORD00983,CUST0050,4,Positive,2025-11-12
REV00711,ORD00984,CUST0082,5,Positive,2025-11-03
REV00712,ORD00985,CUST0061,4,Positive,2025-08-14
REV00713,ORD00986,CUST0298,5,Positive,2025-06-10
REV00714,ORD00987,CUST0086,5,Positive,2025-08-26
REV00715,ORD00990,CUST0124,5,Positive,2025-02-19
REV00716,ORD00991,CUST0256,4,Positive,2025-06-21
REV00717,ORD00992,CUST0294,5,Positive,2025-06-27
REV00718,ORD00993,CUST0058,5,Positive,2025-05-13
REV00719,ORD00995,CUST0010,5,Positive,2025-01-26
REV00720,ORD00996,CUST0163,5,Positive,2025-03-24
REV00721,ORD00997,CUST0271,2,Negative,2025-08-02
REV00722,ORD01000,CUST0112,4,Positive,2025-07-25
REV00723,ORD01001,CUST0096,3,Neutral,2025-11-07
REV00724,ORD01002,CUST0117,2,Negative,2026-01-09
REV00725,ORD01003,CUST0219,5,Positive,2025-03-05
REV00726,ORD01004,CUST0114,3,Neutral,2025-10-20
REV00727,ORD01005,CUST0261,5,Positive,2025-01-22
REV00728,ORD01006,CUST0208,5,Positive,2025-02-03
REV00729,ORD01009,CUST0188,5,Positive,2025-07-27
REV00730,ORD01010,CUST0037,4,Positive,2025-02-16
REV00731,ORD01011,CUST0031,5,Positive,2025-09-16
REV00732,ORD01013,CUST0274,5,Positive,2025-11-27
REV00733,ORD01015,CUST0179,3,Neutral,2025-09-22
REV00734,ORD01016,CUST0231,4,Positive,2025-06-11
REV00735,ORD01017,CUST0198,5,Positive,2025-06-09
REV00736,ORD01018,CUST0239,4,Positive,2025-01-24
REV00737,ORD01019,CUST0292,5,Positive,2025-06-25
REV00738,ORD01020,CUST0157,4,Positive,2025-11-16
REV00739,ORD01022,CUST0139,5,Positive,2025-03-08
REV00740,ORD01023,CUST0190,5,Positive,2025-07-01
REV00741,ORD01024,CUST0291,4,Positive,2025-02-05
REV00742,ORD01025,CUST0170,3,Neutral,2025-11-05
REV00743,ORD01026,CUST0168,3,Neutral,2025-08-01
REV00744,ORD01027,CUST0100,5,Positive,2025-06-27
REV00745,ORD01028,CUST0015,3,Neutral,2025-01-20
REV00746,ORD01032,CUST0162,3,Neutral,2025-05-14
REV00747,ORD01033,CUST0024,2,Negative,2025-03-20
REV00748,ORD01038,CUST0026,4,Positive,2025-12-21
REV00749,ORD01039,CUST0057,3,Neutral,2025-09-24
REV00750,ORD01042,CUST0179,5,Positive,2025-02-18
REV00751,ORD01043,CUST0213,5,Positive,2025-05-07
REV00752,ORD01045,CUST0093,5,Positive,2025-01-25
REV00753,ORD01046,CUST0140,5,Positive,2025-11-08
REV00754,ORD01047,CUST0058,4,Positive,2026-01-14
REV00755,ORD01049,CUST0267,3,Neutral,2025-06-19
REV00756,ORD01051,CUST0058,5,Positive,2025-02-21
REV00757,ORD01052,CUST0282,5,Positive,2025-01-23
REV00758,ORD01053,CUST0092,4,Positive,2025-05-22
REV00759,ORD01054,CUST0031,4,Positive,2025-08-23
REV00760,ORD01055,CUST0259,5,Positive,2025-06-30
REV00761,ORD01056,CUST0116,1,Negative,2025-11-27
REV00762,ORD01057,CUST0268,4,Positive,2025-03-13
REV00763,ORD01058,CUST0274,5,Positive,2025-12-10
REV00764,ORD01059,CUST0274,3,Neutral,2025-07-26
REV00765,ORD01060,CUST0223,5,Positive,2025-11-29
REV00766,ORD01061,CUST0033,4,Positive,2025-08-27
REV00767,ORD01062,CUST0142,5,Positive,2025-02-27
REV00768,ORD01063,CUST0274,3,Neutral,2025-02-27
REV00769,ORD01064,CUST0084,5,Positive,2025-07-26
REV00770,ORD01066,CUST0055,2,Negative,2025-10-21
REV00771,ORD01067,CUST0290,4,Positive,2025-04-16
REV00772,ORD01068,CUST0213,4,Positive,2025-11-29
REV00773,ORD01070,CUST0064,5,Positive,2025-11-21
REV00774,ORD01073,CUST0242,4,Positive,2025-05-14
REV00775,ORD01074,CUST0088,2,Negative,2025-04-15
REV00776,ORD01075,CUST0027,4,Positive,2025-10-16
REV00777,ORD01076,CUST0152,5,Positive,2025-03-17
REV00778,ORD01077,CUST0094,2,Negative,2025-08-18
REV00779,ORD01078,CUST0210,5,Positive,2025-06-24
REV00780,ORD01080,CUST0027,5,Positive,2025-11-21
REV00781,ORD01081,CUST0084,4,Positive,2025-03-06
REV00782,ORD01082,CUST0299,5,Positive,2025-07-13
REV00783,ORD01084,CUST0169,2,Negative,2025-03-01
REV00784,ORD01085,CUST0252,4,Positive,2025-10-22
REV00785,ORD01089,CUST0154,4,Positive,2025-05-01
REV00786,ORD01090,CUST0221,5,Positive,2025-02-21
REV00787,ORD01091,CUST0195,5,Positive,2025-06-12
REV00788,ORD01092,CUST0210,5,Positive,2025-01-19
REV00789,ORD01093,CUST0166,3,Neutral,2025-11-29
REV00790,ORD01094,CUST0005,5,Positive,2025-05-31
REV00791,ORD01096,CUST0261,4,Positive,2025-09-09
REV00792,ORD01097,CUST0062,4,Positive,2025-03-05
REV00793,ORD01098,CUST0110,5,Positive,2025-08-11
REV00794,ORD01099,CUST0012,1,Negative,2025-04-19
REV00795,ORD01100,CUST0231,4,Positive,2025-09-03
REV00796,ORD01102,CUST0286,3,Neutral,2025-09-11
REV00797,ORD01103,CUST0110,4,Positive,2025-04-15
REV00798,ORD01104,CUST0087,2,Negative,2025-02-07
REV00799,ORD01105,CUST0070,4,Positive,2025-07-04
REV00800,ORD01107,CUST0209,3,Neutral,2025-03-19
REV00801,ORD01108,CUST0139,1,Negative,2025-02-19
REV00802,ORD01109,CUST0216,3,Neutral,2025-12-08
REV00803,ORD01110,CUST0184,4,Positive,2025-11-10
REV00804,ORD01112,CUST0225,5,Positive,2025-12-21
REV00805,ORD01113,CUST0104,4,Positive,2025-07-27
REV00806,ORD01115,CUST0207,5,Positive,2025-08-25
REV00807,ORD01116,CUST0197,1,Negative,2025-10-20
REV00808,ORD01117,CUST0278,3,Neutral,2025-06-27
REV00809,ORD01119,CUST0159,5,Positive,2025-03-28
REV00810,ORD01121,CUST0114,5,Positive,2025-10-06
REV00811,ORD01122,CUST0117,4,Positive,2025-07-23
REV00812,ORD01123,CUST0010,3,Neutral,2025-06-02
REV00813,ORD01124,CUST0235,5,Positive,2025-02-24
REV00814,ORD01125,CUST0273,3,Neutral,2025-07-27
REV00815,ORD01126,CUST0215,5,Positive,2025-05-10
REV00816,ORD01128,CUST0227,1,Negative,2025-08-03
REV00817,ORD01130,CUST0194,5,Positive,2025-10-18
REV00818,ORD01131,CUST0145,3,Neutral,2025-12-05
REV00819,ORD01133,CUST0052,2,Negative,2025-02-10
REV00820,ORD01135,CUST0042,5,Positive,2025-02-18
REV00821,ORD01137,CUST0175,4,Positive,2025-05-01
REV00822,ORD01138,CUST0067,5,Positive,2025-05-03
REV00823,ORD01140,CUST0096,5,Positive,2025-04-07
REV00824,ORD01142,CUST0268,1,Negative,2025-05-18
REV00825,ORD01144,CUST0149,5,Positive,2025-08-12
REV00826,ORD01146,CUST0071,4,Positive,2025-10-10
REV00827,ORD01147,CUST0237,4,Positive,2025-03-26
REV00828,ORD01148,CUST0236,3,Neutral,2025-05-01
REV00829,ORD01149,CUST0152,5,Positive,2025-02-23
REV00830,ORD01152,CUST0027,2,Negative,2025-08-09
REV00831,ORD01153,CUST0231,5,Positive,2025-08-17
REV00832,ORD01154,CUST0270,5,Positive,2025-05-28
REV00833,ORD01155,CUST0062,4,Positive,2025-09-14
REV00834,ORD01160,CUST0116,5,Positive,2025-03-27
REV00835,ORD01161,CUST0220,3,Neutral,2025-02-20
REV00836,ORD01162,CUST0192,1,Negative,2025-01-14
REV00837,ORD01163,CUST0053,3,Neutral,2025-10-30
REV00838,ORD01164,CUST0170,5,Positive,2025-07-04
REV00839,ORD01166,CUST0202,5,Positive,2025-06-24
REV00840,ORD01167,CUST0094,3,Neutral,2025-11-15
REV00841,ORD01168,CUST0066,2,Negative,2025-08-14
REV00842,ORD01169,CUST0014,5,Positive,2025-01-06
REV00843,ORD01170,CUST0265,3,Neutral,2025-08-25
REV00844,ORD01172,CUST0030,5,Positive,2025-04-14
REV00845,ORD01173,CUST0088,4,Positive,2025-07-04
REV00846,ORD01174,CUST0201,5,Positive,2025-04-04
REV00847,ORD01175,CUST0007,5,Positive,2025-03-04
REV00848,ORD01176,CUST0021,1,Negative,2025-03-19
REV00849,ORD01177,CUST0039,1,Negative,2025-02-13
REV00850,ORD01178,CUST0074,3,Neutral,2025-09-12
REV00851,ORD01179,CUST0182,5,Positive,2025-01-14
REV00852,ORD01180,CUST0211,4,Positive,2025-03-14
REV00853,ORD01182,CUST0220,3,Neutral,2025-02-24
REV00854,ORD01183,CUST0113,4,Positive,2025-08-18
REV00855,ORD01185,CUST0002,1,Negative,2025-11-04
REV00856,ORD01186,CUST0298,3,Neutral,2025-05-09
REV00857,ORD01187,CUST0027,3,Neutral,2025-08-10
REV00858,ORD01188,CUST0035,4,Positive,2025-07-27
REV00859,ORD01189,CUST0198,3,Neutral,2025-01-25
REV00860,ORD01191,CUST0232,3,Neutral,2025-10-06
REV00861,ORD01192,CUST0258,5,Positive,2025-09-19
REV00862,ORD01194,CUST0243,4,Positive,2025-04-17
REV00863,ORD01195,CUST0120,4,Positive,2025-09-04
REV00864,ORD01196,CUST0045,4,Positive,2025-12-19
REV00865,ORD01198,CUST0143,4,Positive,2025-12-22
REV00866,ORD01200,CUST0024,5,Positive,2025-03-04
REV00867,ORD01201,CUST0233,1,Negative,2025-03-29
REV00868,ORD01202,CUST0265,5,Positive,2025-10-01
REV00869,ORD01204,CUST0216,5,Positive,2025-04-12
REV00870,ORD01205,CUST0042,5,Positive,2025-04-11
REV00871,ORD01207,CUST0151,5,Positive,2025-05-18
REV00872,ORD01208,CUST0143,4,Positive,2025-12-24
REV00873,ORD01209,CUST0205,4,Positive,2025-08-10
REV00874,ORD01210,CUST0291,4,Positive,2025-09-10
REV00875,ORD01213,CUST0049,5,Positive,2025-07-03
REV00876,ORD01214,CUST0205,2,Negative,2025-03-25
REV00877,ORD01215,CUST0265,5,Positive,2025-10-28
REV00878,ORD01216,CUST0152,5,Positive,2025-01-11
REV00879,ORD01217,CUST0134,4,Positive,2025-10-25
REV00880,ORD01218,CUST0004,4,Positive,2025-06-21
REV00881,ORD01219,CUST0032,5,Positive,2025-05-07
REV00882,ORD01220,CUST0282,5,Positive,2025-11-11
REV00883,ORD01221,CUST0286,4,Positive,2025-07-06
REV00884,ORD01222,CUST0049,2,Negative,2025-06-16
REV00885,ORD01224,CUST0013,2,Negative,2025-12-29
REV00886,ORD01225,CUST0145,5,Positive,2026-01-08
REV00887,ORD01226,CUST0260,4,Positive,2025-02-08
REV00888,ORD01227,CUST0114,4,Positive,2025-02-17
REV00889,ORD01228,CUST0062,5,Positive,2025-03-02
REV00890,ORD01230,CUST0296,5,Positive,2025-05-26
REV00891,ORD01231,CUST0197,1,Negative,2025-02-25
REV00892,ORD01233,CUST0015,4,Positive,2025-03-18
REV00893,ORD01235,CUST0145,3,Neutral,2026-01-02
REV00894,ORD01236,CUST0170,5,Positive,2025-07-28
REV00895,ORD01237,CUST0216,5,Positive,2025-03-26
REV00896,ORD01238,CUST0259,4,Positive,2025-07-19
REV00897,ORD01239,CUST0067,5,Positive,2025-04-14
REV00898,ORD01242,CUST0125,3,Neutral,2025-12-28
REV00899,ORD01244,CUST0236,1,Negative,2025-07-21
REV00900,ORD01246,CUST0254,2,Negative,2025-12-18
REV00901,ORD01247,CUST0030,5,Positive,2025-08-22
REV00902,ORD01248,CUST0222,4,Positive,2025-11-28
REV00903,ORD01249,CUST0245,2,Negative,2025-01-18
REV00904,ORD01250,CUST0243,4,Positive,2025-12-31
REV00905,ORD01251,CUST0221,2,Negative,2025-03-31
REV00906,ORD01252,CUST0293,5,Positive,2025-12-22
REV00907,ORD01253,CUST0074,5,Positive,2025-08-09
REV00908,ORD01255,CUST0105,5,Positive,2025-09-08
REV00909,ORD01256,CUST0190,4,Positive,2025-07-30
REV00910,ORD01257,CUST0026,5,Positive,2025-10-18
REV00911,ORD01258,CUST0256,2,Negative,2025-12-25
REV00912,ORD01259,CUST0229,5,Positive,2025-07-03
REV00913,ORD01261,CUST0163,2,Negative,2025-09-01
REV00914,ORD01262,CUST0171,5,Positive,2025-02-11
REV00915,ORD01264,CUST0238,1,Negative,2025-04-27
REV00916,ORD01265,CUST0300,2,Negative,2025-12-06
REV00917,ORD01266,CUST0072,4,Positive,2025-07-06
REV00918,ORD01267,CUST0186,5,Positive,2025-11-15
REV00919,ORD01268,CUST0164,5,Positive,2025-12-08
REV00920,ORD01269,CUST0281,5,Positive,2025-07-25
REV00921,ORD01271,CUST0216,5,Positive,2025-04-09
REV00922,ORD01273,CUST0216,4,Positive,2025-09-26
REV00923,ORD01274,CUST0086,4,Positive,2025-08-01
REV00924,ORD01276,CUST0268,3,Neutral,2025-12-15
REV00925,ORD01278,CUST0116,4,Positive,2025-04-11
REV00926,ORD01279,CUST0163,1,Negative,2025-08-27
REV00927,ORD01280,CUST0261,5,Positive,2025-10-22
REV00928,ORD01281,CUST0039,4,Positive,2025-01-30
REV00929,ORD01282,CUST0211,5,Positive,2025-09-12
REV00930,ORD01283,CUST0246,4,Positive,2025-04-27
REV00931,ORD01285,CUST0117,5,Positive,2025-05-05
REV00932,ORD01286,CUST0154,1,Negative,2025-06-01
REV00933,ORD01287,CUST0083,5,Positive,2025-04-15
REV00934,ORD01290,CUST0212,4,Positive,2025-08-13
REV00935,ORD01292,CUST0033,4,Positive,2025-09-05
REV00936,ORD01293,CUST0196,3,Neutral,2025-11-29
REV00937,ORD01294,CUST0166,5,Positive,2025-01-11
REV00938,ORD01295,CUST0034,4,Positive,2025-05-28
REV00939,ORD01296,CUST0265,2,Negative,2025-09-01
REV00940,ORD01298,CUST0008,5,Positive,2025-09-08
REV00941,ORD01299,CUST0074,3,Neutral,2025-08-26
REV00942,ORD01300,CUST0222,4,Positive,2025-06-26
REV00943,ORD01301,CUST0162,3,Neutral,2025-02-11
REV00944,ORD01303,CUST0039,3,Neutral,2025-03-10
REV00945,ORD01304,CUST0172,4,Positive,2025-08-09
REV00946,ORD01305,CUST0090,4,Positive,2025-02-01
REV00947,ORD01306,CUST0172,4,Positive,2025-12-29
REV00948,ORD01307,CUST0243,4,Positive,2025-07-24
REV00949,ORD01308,CUST0066,5,Positive,2025-12-06
REV00950,ORD01309,CUST0101,2,Negative,2025-12-06
REV00951,ORD01310,CUST0076,2,Negative,2025-06-10
REV00952,ORD01312,CUST0010,3,Neutral,2025-10-22
REV00953,ORD01313,CUST0074,5,Positive,2025-10-28
REV00954,ORD01314,CUST0057,3,Neutral,2025-04-12
REV00955,ORD01316,CUST0111,2,Negative,2025-09-03
REV00956,ORD01317,CUST0145,4,Positive,2025-10-29
REV00957,ORD01320,CUST0052,5,Positive,2025-04-18
REV00958,ORD01321,CUST0070,4,Positive,2025-06-22
REV00959,ORD01322,CUST0039,5,Positive,2025-11-19
REV00960,ORD01324,CUST0112,5,Positive,2025-06-30
REV00961,ORD01326,CUST0184,4,Positive,2025-08-21
REV00962,ORD01327,CUST0107,5,Positive,2025-07-14
REV00963,ORD01329,CUST0052,3,Neutral,2025-09-13
REV00964,ORD01330,CUST0285,5,Positive,2025-04-09
REV00965,ORD01331,CUST0138,5,Positive,2025-09-05
REV00966,ORD01332,CUST0075,5,Positive,2025-03-28
REV00967,ORD01333,CUST0038,4,Positive,2025-01-20
REV00968,ORD01334,CUST0044,3,Neutral,2025-12-14
REV00969,ORD01336,CUST0253,1,Negative,2025-07-14
REV00970,ORD01337,CUST0025,5,Positive,2025-07-22
REV00971,ORD01338,CUST0154,3,Neutral,2025-11-13
REV00972,ORD01339,CUST0256,2,Negative,2025-04-09
REV00973,ORD01340,CUST0158,3,Neutral,2025-03-15
REV00974,ORD01341,CUST0289,3,Neutral,2025-07-22
REV00975,ORD01344,CUST0184,5,Positive,2026-01-06
REV00976,ORD01345,CUST0081,3,Neutral,2025-09-23
REV00977,ORD01346,CUST0251,5,Positive,2025-11-16
REV00978,ORD01348,CUST0177,3,Neutral,2025-04-24
REV00979,ORD01350,CUST0035,4,Positive,2025-03-22
REV00980,ORD01352,CUST0194,5,Positive,2025-12-01
REV00981,ORD01353,CUST0233,4,Positive,2025-06-30
REV00982,ORD01354,CUST0065,4,Positive,2025-09-06
REV00983,ORD01355,CUST0049,5,Positive,2025-02-24
REV00984,ORD01356,CUST0074,2,Negative,2025-09-18
REV00985,ORD01357,CUST0209,4,Positive,2025-12-07
REV00986,ORD01359,CUST0150,5,Positive,2025-09-26
REV00987,ORD01360,CUST0013,5,Positive,2025-04-25
REV00988,ORD01366,CUST0001,5,Positive,2025-02-12
REV00989,ORD01367,CUST0147,5,Positive,2025-05-16
REV00990,ORD01368,CUST0141,3,Neutral,2025-09-26
REV00991,ORD01369,CUST0250,5,Positive,2025-09-03
REV00992,ORD01370,CUST0048,5,Positive,2025-03-14
REV00993,ORD01371,CUST0104,3,Neutral,2025-12-15
REV00994,ORD01372,CUST0127,5,Positive,2025-11-12
REV00995,ORD01373,CUST0138,3,Neutral,2025-08-10
REV00996,ORD01375,CUST0248,4,Positive,2025-09-03
REV00997,ORD01377,CUST0179,4,Positive,2025-12-21
REV00998,ORD01379,CUST0100,3,Neutral,2025-06-04
REV00999,ORD01380,CUST0066,5,Positive,2025-02-18
REV01000,ORD01381,CUST0050,4,Positive,2025-02-04
REV01001,ORD01382,CUST0234,3,Neutral,2025-10-21
REV01002,ORD01383,CUST0259,3,Neutral,2025-08-20
REV01003,ORD01384,CUST0086,5,Positive,2025-09-23
REV01004,ORD01385,CUST0107,5,Positive,2025-03-18
REV01005,ORD01387,CUST0089,3,Neutral,2025-10-07
REV01006,ORD01388,CUST0113,4,Positive,2025-12-04
REV01007,ORD01390,CUST0005,3,Neutral,2025-11-25
REV01008,ORD01391,CUST0183,5,Positive,2025-12-06
REV01009,ORD01392,CUST0210,3,Neutral,2025-05-16
REV01010,ORD01393,CUST0222,4,Positive,2025-08-27
REV01011,ORD01396,CUST0181,4,Positive,2025-08-01
REV01012,ORD01397,CUST0139,1,Negative,2025-11-19
REV01013,ORD01398,CUST0201,3,Neutral,2025-11-22
REV01014,ORD01399,CUST0288,4,Positive,2025-01-19
REV01015,ORD01400,CUST0294,4,Positive,2025-09-02
REV01016,ORD01402,CUST0144,5,Positive,2025-07-21
REV01017,ORD01403,CUST0214,4,Positive,2025-09-22
REV01018,ORD01404,CUST0125,5,Positive,2025-03-26
REV01019,ORD01405,CUST0183,3,Neutral,2025-01-26
REV01020,ORD01406,CUST0003,4,Positive,2025-05-11
REV01021,ORD01408,CUST0086,4,Positive,2025-08-12
REV01022,ORD01409,CUST0099,4,Positive,2025-10-15
REV01023,ORD01410,CUST0245,4,Positive,2025-12-16
REV01024,ORD01412,CUST0132,2,Negative,2025-03-08
REV01025,ORD01413,CUST0124,3,Neutral,2025-01-17
REV01026,ORD01414,CUST0215,4,Positive,2025-08-23
REV01027,ORD01415,CUST0206,4,Positive,2025-06-13
REV01028,ORD01418,CUST0174,3,Neutral,2025-02-22
REV01029,ORD01419,CUST0282,4,Positive,2025-05-09
REV01030,ORD01420,CUST0227,4,Positive,2025-11-29
REV01031,ORD01423,CUST0282,3,Neutral,2025-12-26
REV01032,ORD01424,CUST0087,5,Positive,2025-07-22
REV01033,ORD01425,CUST0126,5,Positive,2025-07-17
REV01034,ORD01426,CUST0243,2,Negative,2025-01-15
REV01035,ORD01427,CUST0156,4,Positive,2025-07-10
REV01036,ORD01428,CUST0257,5,Positive,2025-09-27
REV01037,ORD01429,CUST0187,5,Positive,2025-09-22
REV01038,ORD01430,CUST0195,2,Negative,2025-02-16
REV01039,ORD01431,CUST0090,3,Neutral,2025-11-29
REV01040,ORD01432,CUST0194,5,Positive,2025-10-12
REV01041,ORD01433,CUST0206,3,Neutral,2025-05-01
REV01042,ORD01434,CUST0023,2,Negative,2025-05-21
REV01043,ORD01435,CUST0229,5,Positive,2025-12-26
REV01044,ORD01436,CUST0162,5,Positive,2025-04-05
REV01045,ORD01437,CUST0209,4,Positive,2025-05-20
REV01046,ORD01439,CUST0025,4,Positive,2025-03-07
REV01047,ORD01440,CUST0183,5,Positive,2025-06-13
REV01048,ORD01441,CUST0055,5,Positive,2025-08-20
REV01049,ORD01442,CUST0097,4,Positive,2025-08-04
REV01050,ORD01443,CUST0027,4,Positive,2025-11-25
REV01051,ORD01444,CUST0276,4,Positive,2025-09-04
REV01052,ORD01445,CUST0151,5,Positive,2025-01-21
REV01053,ORD01448,CUST0047,4,Positive,2025-03-06
REV01054,ORD01449,CUST0099,4,Positive,2025-09-07
REV01055,ORD01452,CUST0157,4,Positive,2025-03-15
REV01056,ORD01454,CUST0090,5,Positive,2025-06-12
REV01057,ORD01455,CUST0005,4,Positive,2025-05-27
REV01058,ORD01461,CUST0118,5,Positive,2025-09-23
REV01059,ORD01463,CUST0027,3,Neutral,2025-12-28
REV01060,ORD01464,CUST0189,4,Positive,2025-03-28
REV01061,ORD01467,CUST0251,4,Positive,2025-09-19
REV01062,ORD01468,CUST0229,4,Positive,2025-09-01
REV01063,ORD01469,CUST0153,4,Positive,2025-02-24
REV01064,ORD01470,CUST0149,4,Positive,2025-05-18
REV01065,ORD01471,CUST0007,2,Negative,2025-02-06
REV01066,ORD01472,CUST0291,2,Negative,2025-11-10
REV01067,ORD01473,CUST0241,5,Positive,2025-09-01
REV01068,ORD01474,CUST0281,5,Positive,2025-03-26
REV01069,ORD01475,CUST0002,4,Positive,2025-04-14
REV01070,ORD01476,CUST0249,3,Neutral,2025-06-17
REV01071,ORD01477,CUST0145,5,Positive,2025-02-24
REV01072,ORD01481,CUST0047,4,Positive,2025-10-13
REV01073,ORD01482,CUST0089,4,Positive,2025-02-05
REV01074,ORD01484,CUST0209,4,Positive,2025-07-11
REV01075,ORD01485,CUST0051,4,Positive,2025-03-19
REV01076,ORD01486,CUST0196,2,Negative,2025-12-12
REV01077,ORD01488,CUST0045,3,Neutral,2025-01-04
REV01078,ORD01489,CUST0024,2,Negative,2025-12-09
REV01079,ORD01490,CUST0096,4,Positive,2025-01-30
REV01080,ORD01491,CUST0094,5,Positive,2025-06-02
REV01081,ORD01492,CUST0300,4,Positive,2025-10-04
REV01082,ORD01494,CUST0071,3,Neutral,2025-11-04
REV01083,ORD01495,CUST0132,4,Positive,2025-09-27
REV01084,ORD01496,CUST0186,4,Positive,2025-05-18
REV01085,ORD01497,CUST0207,3,Neutral,2025-11-24
REV01086,ORD01498,CUST0270,5,Positive,2025-04-10
REV01087,ORD01499,CUST0249,4,Positive,2025-08-02
REV01088,ORD01500,CUST0119,5,Positive,2025-07-12
REV01089,ORD01501,CUST0045,4,Positive,2025-12-30
REV01090,ORD01503,CUST0180,5,Positive,2025-09-23
REV01091,ORD01504,CUST0246,5,Positive,2025-07-23
REV01092,ORD01505,CUST0154,4,Positive,2025-10-21
REV01093,ORD01506,CUST0140,4,Positive,2025-08-05
REV01094,ORD01507,CUST0171,5,Positive,2025-04-22
REV01095,ORD01508,CUST0257,5,Positive,2025-07-16
REV01096,ORD01509,CUST0148,3,Neutral,2025-08-02
REV01097,ORD01510,CUST0085,4,Positive,2025-07-07
REV01098,ORD01511,CUST0164,4,Positive,2025-11-07
REV01099,ORD01512,CUST0211,3,Neutral,2025-11-05
REV01100,ORD01513,CUST0238,4,Positive,2025-09-10
REV01101,ORD01514,CUST0131,3,Neutral,2025-03-01
REV01102,ORD01515,CUST0275,5,Positive,2025-07-12
REV01103,ORD01517,CUST0126,5,Positive,2025-06-18
REV01104,ORD01518,CUST0018,5,Positive,2025-09-27
REV01105,ORD01519,CUST0300,3,Neutral,2025-08-10
REV01106,ORD01520,CUST0110,4,Positive,2025-05-14
REV01107,ORD01522,CUST0006,5,Positive,2025-12-19
REV01108,ORD01523,CUST0093,4,Positive,2025-12-16
REV01109,ORD01524,CUST0194,3,Neutral,2025-02-25
REV01110,ORD01526,CUST0277,5,Positive,2025-02-28
REV01111,ORD01527,CUST0015,1,Negative,2025-02-25
REV01112,ORD01528,CUST0203,1,Negative,2025-06-10
REV01113,ORD01529,CUST0053,5,Positive,2025-09-23
REV01114,ORD01530,CUST0011,5,Positive,2025-08-06
REV01115,ORD01531,CUST0294,5,Positive,2025-03-07
REV01116,ORD01532,CUST0071,5,Positive,2025-07-03
REV01117,ORD01533,CUST0102,5,Positive,2025-07-21
REV01118,ORD01535,CUST0233,3,Neutral,2025-03-07
REV01119,ORD01536,CUST0003,5,Positive,2025-06-21
REV01120,ORD01537,CUST0005,4,Positive,2025-08-02
REV01121,ORD01538,CUST0232,5,Positive,2025-06-28
REV01122,ORD01540,CUST0054,5,Positive,2025-03-03
REV01123,ORD01542,CUST0209,5,Positive,2025-02-24
REV01124,ORD01543,CUST0290,5,Positive,2025-08-12
REV01125,ORD01544,CUST0277,3,Neutral,2025-12-03
REV01126,ORD01546,CUST0130,3,Neutral,2025-10-12
REV01127,ORD01548,CUST0282,5,Positive,2025-10-03
REV01128,ORD01549,CUST0167,5,Positive,2025-10-25
REV01129,ORD01550,CUST0291,4,Positive,2025-07-22
REV01130,ORD01551,CUST0003,1,Negative,2025-01-27
REV01131,ORD01552,CUST0185,5,Positive,2025-06-04
REV01132,ORD01553,CUST0051,5,Positive,2025-07-10
REV01133,ORD01554,CUST0104,4,Positive,2025-01-12
REV01134,ORD01555,CUST0236,4,Positive,2025-01-23
REV01135,ORD01556,CUST0181,4,Positive,2025-03-11
REV01136,ORD01558,CUST0159,4,Positive,2025-04-24
REV01137,ORD01560,CUST0237,1,Negative,2025-09-30
REV01138,ORD01561,CUST0293,3,Neutral,2025-01-29
REV01139,ORD01562,CUST0215,5,Positive,2025-12-27
REV01140,ORD01564,CUST0169,5,Positive,2025-08-20
REV01141,ORD01566,CUST0239,2,Negative,2025-05-12
REV01142,ORD01567,CUST0155,4,Positive,2025-03-19
REV01143,ORD01568,CUST0222,5,Positive,2025-09-04
REV01144,ORD01569,CUST0094,4,Positive,2025-12-29
REV01145,ORD01571,CUST0250,5,Positive,2026-01-09
REV01146,ORD01574,CUST0161,4,Positive,2025-07-16
REV01147,ORD01575,CUST0222,5,Positive,2025-05-17
REV01148,ORD01576,CUST0229,5,Positive,2025-08-29
REV01149,ORD01577,CUST0026,5,Positive,2025-05-10
REV01150,ORD01578,CUST0268,4,Positive,2025-03-12
REV01151,ORD01579,CUST0205,5,Positive,2025-10-24
REV01152,ORD01580,CUST0230,4,Positive,2025-04-06
REV01153,ORD01581,CUST0267,4,Positive,2025-11-18
REV01154,ORD01582,CUST0195,4,Positive,2025-10-10
REV01155,ORD01583,CUST0206,3,Neutral,2025-05-01
REV01156,ORD01584,CUST0254,2,Negative,2026-01-01
REV01157,ORD01585,CUST0149,3,Neutral,2025-07-09
REV01158,ORD01586,CUST0206,5,Positive,2025-11-22
REV01159,ORD01587,CUST0016,5,Positive,2025-11-09
REV01160,ORD01588,CUST0161,1,Negative,2025-05-28
REV01161,ORD01589,CUST0147,4,Positive,2025-01-25
REV01162,ORD01590,CUST0093,4,Positive,2025-05-04
REV01163,ORD01591,CUST0283,4,Positive,2025-05-31
REV01164,ORD01592,CUST0195,5,Positive,2025-12-19
REV01165,ORD01594,CUST0149,3,Neutral,2025-02-07
REV01166,ORD01595,CUST0228,3,Neutral,2025-11-15
REV01167,ORD01596,CUST0235,3,Neutral,2025-10-06
REV01168,ORD01598,CUST0231,5,Positive,2025-07-10
REV01169,ORD01602,CUST0038,4,Positive,2025-08-20
REV01170,ORD01603,CUST0246,4,Positive,2026-01-04
REV01171,ORD01604,CUST0156,4,Positive,2025-08-23
REV01172,ORD01605,CUST0048,4,Positive,2025-05-19
REV01173,ORD01607,CUST0190,5,Positive,2025-06-01
REV01174,ORD01608,CUST0051,5,Positive,2025-10-06
REV01175,ORD01609,CUST0025,4,Positive,2025-12-14
REV01176,ORD01610,CUST0045,5,Positive,2025-05-18
REV01177,ORD01611,CUST0208,5,Positive,2025-09-17
REV01178,ORD01612,CUST0186,5,Positive,2025-06-23
REV01179,ORD01613,CUST0063,4,Positive,2025-09-12
REV01180,ORD01614,CUST0163,3,Neutral,2025-11-29
REV01181,ORD01617,CUST0220,4,Positive,2025-12-30
REV01182,ORD01618,CUST0199,3,Neutral,2025-12-31
REV01183,ORD01619,CUST0060,4,Positive,2025-08-20
REV01184,ORD01620,CUST0291,5,Positive,2025-09-12
REV01185,ORD01622,CUST0054,5,Positive,2025-02-28
REV01186,ORD01623,CUST0296,5,Positive,2025-04-05
REV01187,ORD01624,CUST0219,5,Positive,2025-07-15
REV01188,ORD01625,CUST0083,1,Negative,2025-09-21
REV01189,ORD01626,CUST0042,5,Positive,2025-01-23
REV01190,ORD01627,CUST0067,5,Positive,2025-05-24
REV01191,ORD01628,CUST0059,4,Positive,2025-08-22
REV01192,ORD01629,CUST0005,3,Neutral,2025-05-20
REV01193,ORD01630,CUST0283,4,Positive,2025-01-27
REV01194,ORD01632,CUST0025,4,Positive,2025-06-30
REV01195,ORD01633,CUST0090,1,Negative,2025-06-28
REV01196,ORD01634,CUST0228,5,Positive,2025-06-02
REV01197,ORD01635,CUST0187,4,Positive,2025-11-22
REV01198,ORD01636,CUST0281,2,Negative,2025-05-03
REV01199,ORD01638,CUST0127,4,Positive,2025-11-07
REV01200,ORD01640,CUST0292,5,Positive,2025-01-15
REV01201,ORD01642,CUST0056,4,Positive,2025-12-22
REV01202,ORD01645,CUST0162,5,Positive,2025-12-18
REV01203,ORD01646,CUST0298,5,Positive,2025-11-08
REV01204,ORD01647,CUST0231,3,Neutral,2025-04-03
REV01205,ORD01648,CUST0161,5,Positive,2025-07-10
REV01206,ORD01649,CUST0215,4,Positive,2025-06-29
REV01207,ORD01651,CUST0099,5,Positive,2025-10-29
REV01208,ORD01652,CUST0218,5,Positive,2025-11-01
REV01209,ORD01653,CUST0013,2,Negative,2025-02-11
REV01210,ORD01654,CUST0038,2,Negative,2025-10-22
REV01211,ORD01655,CUST0115,5,Positive,2025-02-01
REV01212,ORD01658,CUST0214,4,Positive,2025-12-31
REV01213,ORD01659,CUST0241,5,Positive,2025-09-17
REV01214,ORD01660,CUST0280,1,Negative,2025-06-18
REV01215,ORD01663,CUST0135,4,Positive,2025-03-28
REV01216,ORD01664,CUST0205,4,Positive,2025-09-22
REV01217,ORD01665,CUST0195,2,Negative,2025-08-25
REV01218,ORD01666,CUST0255,4,Positive,2025-10-15
REV01219,ORD01668,CUST0178,4,Positive,2025-03-22
REV01220,ORD01670,CUST0272,3,Neutral,2025-07-03
REV01221,ORD01671,CUST0018,4,Positive,2025-09-29
REV01222,ORD01672,CUST0094,4,Positive,2025-05-31
REV01223,ORD01674,CUST0102,3,Neutral,2025-12-20
REV01224,ORD01675,CUST0265,4,Positive,2025-09-16
REV01225,ORD01676,CUST0090,4,Positive,2025-11-14
REV01226,ORD01677,CUST0025,4,Positive,2025-06-05
REV01227,ORD01679,CUST0298,3,Neutral,2026-01-04
REV01228,ORD01680,CUST0128,5,Positive,2025-10-08
REV01229,ORD01681,CUST0015,3,Neutral,2025-12-11
REV01230,ORD01683,CUST0286,4,Positive,2025-09-18
REV01231,ORD01684,CUST0041,1,Negative,2025-10-07
REV01232,ORD01685,CUST0140,3,Neutral,2025-07-28
REV01233,ORD01688,CUST0096,3,Neutral,2025-09-08
REV01234,ORD01689,CUST0137,3,Neutral,2025-11-29
REV01235,ORD01693,CUST0136,1,Negative,2025-12-25
REV01236,ORD01694,CUST0083,3,Neutral,2025-05-07
REV01237,ORD01696,CUST0281,5,Positive,2025-02-22
REV01238,ORD01700,CUST0257,3,Neutral,2025-04-02
REV01239,ORD01701,CUST0021,5,Positive,2025-12-16
REV01240,ORD01703,CUST0012,2,Negative,2025-10-24
REV01241,ORD01705,CUST0059,4,Positive,2025-04-26
REV01242,ORD01706,CUST0066,4,Positive,2025-03-19
REV01243,ORD01707,CUST0036,3,Neutral,2025-11-07
REV01244,ORD01708,CUST0288,2,Negative,2026-01-09
REV01245,ORD01711,CUST0254,3,Neutral,2025-09-07
REV01246,ORD01713,CUST0012,4,Positive,2025-01-09
REV01247,ORD01714,CUST0014,5,Positive,2025-11-10
REV01248,ORD01716,CUST0073,3,Neutral,2025-12-29
REV01249,ORD01717,CUST0266,1,Negative,2025-04-05
REV01250,ORD01718,CUST0121,4,Positive,2025-08-06
REV01251,ORD01719,CUST0295,4,Positive,2025-08-26
REV01252,ORD01720,CUST0110,3,Neutral,2025-12-28
REV01253,ORD01721,CUST0171,5,Positive,2025-07-14
REV01254,ORD01723,CUST0113,5,Positive,2025-09-28
REV01255,ORD01724,CUST0298,2,Negative,2025-07-01
REV01256,ORD01725,CUST0133,4,Positive,2025-01-30
REV01257,ORD01729,CUST0264,3,Neutral,2025-11-19
REV01258,ORD01730,CUST0230,5,Positive,2025-08-02
REV01259,ORD01731,CUST0278,3,Neutral,2025-04-26
REV01260,ORD01734,CUST0235,4,Positive,2025-07-22
REV01261,ORD01736,CUST0081,5,Positive,2025-03-02
REV01262,ORD01738,CUST0223,4,Positive,2025-11-06
REV01263,ORD01739,CUST0031,4,Positive,2025-09-17
REV01264,ORD01740,CUST0139,4,Positive,2025-09-22
REV01265,ORD01742,CUST0237,4,Positive,2025-05-30
REV01266,ORD01743,CUST0295,4,Positive,2025-11-18
REV01267,ORD01744,CUST0119,4,Positive,2025-08-30
REV01268,ORD01745,CUST0004,4,Positive,2025-10-23
REV01269,ORD01746,CUST0281,4,Positive,2025-11-19
REV01270,ORD01747,CUST0198,5,Positive,2025-06-17
REV01271,ORD01748,CUST0102,4,Positive,2025-12-14
REV01272,ORD01750,CUST0042,3,Neutral,2025-12-30
REV01273,ORD01751,CUST0242,3,Neutral,2025-02-23
REV01274,ORD01752,CUST0241,4,Positive,2025-07-26
REV01275,ORD01753,CUST0004,5,Positive,2025-04-17
REV01276,ORD01756,CUST0298,5,Positive,2025-03-21
REV01277,ORD01757,CUST0286,1,Negative,2025-10-28
REV01278,ORD01758,CUST0254,4,Positive,2025-03-11
REV01279,ORD01759,CUST0154,4,Positive,2025-05-31
REV01280,ORD01760,CUST0016,5,Positive,2025-12-22
REV01281,ORD01761,CUST0122,5,Positive,2025-08-26
REV01282,ORD01762,CUST0202,2,Negative,2025-11-26
REV01283,ORD01763,CUST0280,4,Positive,2025-02-13
REV01284,ORD01764,CUST0063,5,Positive,2025-12-22
REV01285,ORD01765,CUST0210,5,Positive,2026-01-06
REV01286,ORD01766,CUST0174,2,Negative,2025-09-15
REV01287,ORD01767,CUST0291,5,Positive,2025-11-08
REV01288,ORD01768,CUST0273,5,Positive,2025-09-01
REV01289,ORD01769,CUST0188,5,Positive,2025-01-12
REV01290,ORD01770,CUST0289,5,Positive,2025-05-26
REV01291,ORD01771,CUST0277,5,Positive,2025-01-08
REV01292,ORD01772,CUST0278,5,Positive,2025-03-01
REV01293,ORD01774,CUST0054,1,Negative,2025-01-19
REV01294,ORD01775,CUST0217,4,Positive,2025-01-16
REV01295,ORD01776,CUST0135,4,Positive,2025-06-05
REV01296,ORD01778,CUST0092,5,Positive,2025-06-22
REV01297,ORD01780,CUST0199,5,Positive,2025-03-23
REV01298,ORD01783,CUST0005,2,Negative,2025-11-22
REV01299,ORD01784,CUST0004,5,Positive,2025-11-23
REV01300,ORD01786,CUST0177,2,Negative,2025-09-03
REV01301,ORD01787,CUST0154,4,Positive,2025-09-17
REV01302,ORD01788,CUST0135,2,Negative,2025-08-20
REV01303,ORD01789,CUST0029,2,Negative,2025-11-20
REV01304,ORD01790,CUST0247,5,Positive,2025-06-15
REV01305,ORD01792,CUST0142,4,Positive,2025-11-13
REV01306,ORD01793,CUST0183,4,Positive,2025-10-30
REV01307,ORD01794,CUST0079,3,Neutral,2025-09-20
REV01308,ORD01796,CUST0269,3,Neutral,2025-05-11
REV01309,ORD01797,CUST0080,4,Positive,2025-03-18
REV01310,ORD01799,CUST0206,5,Positive,2025-08-04
REV01311,ORD01800,CUST0297,4,Positive,2025-10-24
REV01312,ORD01801,CUST0193,3,Neutral,2025-05-15
REV01313,ORD01802,CUST0107,4,Positive,2025-08-02
REV01314,ORD01803,CUST0107,4,Positive,2025-06-14
REV01315,ORD01804,CUST0099,5,Positive,2025-04-24
REV01316,ORD01805,CUST0145,4,Positive,2025-04-18
REV01317,ORD01806,CUST0129,4,Positive,2025-08-27
REV01318,ORD01807,CUST0300,4,Positive,2025-12-19
REV01319,ORD01808,CUST0137,5,Positive,2025-07-16
REV01320,ORD01813,CUST0123,4,Positive,2025-05-30
REV01321,ORD01814,CUST0133,5,Positive,2025-07-10
REV01322,ORD01815,CUST0097,3,Neutral,2025-04-16
REV01323,ORD01817,CUST0202,5,Positive,2025-08-30
REV01324,ORD01821,CUST0241,3,Neutral,2025-07-11
REV01325,ORD01822,CUST0267,4,Positive,2025-06-18
REV01326,ORD01823,CUST0271,5,Positive,2025-04-26
REV01327,ORD01824,CUST0004,4,Positive,2025-06-09
REV01328,ORD01826,CUST0111,2,Negative,2025-01-26
REV01329,ORD01829,CUST0238,5,Positive,2025-05-06
REV01330,ORD01833,CUST0224,2,Negative,2025-06-02
REV01331,ORD01834,CUST0022,2,Negative,2025-05-17
REV01332,ORD01835,CUST0016,4,Positive,2025-09-27
REV01333,ORD01836,CUST0189,3,Neutral,2025-06-25
REV01334,ORD01838,CUST0292,5,Positive,2025-12-26
REV01335,ORD01839,CUST0231,3,Neutral,2025-08-22
REV01336,ORD01840,CUST0058,4,Positive,2026-01-03
REV01337,ORD01841,CUST0187,5,Positive,2025-08-22
REV01338,ORD01842,CUST0103,4,Positive,2025-02-13
REV01339,ORD01843,CUST0125,1,Negative,2025-02-13
REV01340,ORD01847,CUST0223,4,Positive,2025-08-13
REV01341,ORD01848,CUST0046,3,Neutral,2025-06-16
REV01342,ORD01850,CUST0296,4,Positive,2025-04-04
REV01343,ORD01853,CUST0246,3,Neutral,2025-12-10
REV01344,ORD01854,CUST0130,5,Positive,2025-04-05
REV01345,ORD01855,CUST0293,5,Positive,2025-10-06
REV01346,ORD01857,CUST0066,5,Positive,2025-04-22
REV01347,ORD01858,CUST0058,2,Negative,2025-06-04
REV01348,ORD01859,CUST0072,3,Neutral,2025-03-01
REV01349,ORD01860,CUST0212,5,Positive,2025-07-19
REV01350,ORD01861,CUST0030,5,Positive,2025-03-24
REV01351,ORD01863,CUST0215,4,Positive,2025-07-01
REV01352,ORD01864,CUST0170,3,Neutral,2025-03-13
REV01353,ORD01866,CUST0135,5,Positive,2025-05-07
REV01354,ORD01867,CUST0283,4,Positive,2025-12-31
REV01355,ORD01868,CUST0192,3,Neutral,2025-02-02
REV01356,ORD01870,CUST0240,3,Neutral,2025-01-18
REV01357,ORD01871,CUST0231,5,Positive,2025-03-03
REV01358,ORD01872,CUST0014,3,Neutral,2025-11-21
REV01359,ORD01873,CUST0087,4,Positive,2025-10-12
REV01360,ORD01875,CUST0236,5,Positive,2025-06-02
REV01361,ORD01877,CUST0171,3,Neutral,2025-12-16
REV01362,ORD01878,CUST0131,3,Neutral,2025-08-11
REV01363,ORD01879,CUST0126,2,Negative,2025-10-22
REV01364,ORD01881,CUST0066,5,Positive,2025-03-15
REV01365,ORD01882,CUST0162,2,Negative,2025-06-28
REV01366,ORD01884,CUST0231,4,Positive,2025-12-08
REV01367,ORD01885,CUST0167,4,Positive,2025-01-29
REV01368,ORD01886,CUST0243,4,Positive,2025-05-19
REV01369,ORD01887,CUST0110,1,Negative,2025-03-29
REV01370,ORD01888,CUST0154,3,Neutral,2025-09-02
REV01371,ORD01889,CUST0200,2,Negative,2025-11-27
REV01372,ORD01891,CUST0044,2,Negative,2025-04-13
REV01373,ORD01892,CUST0139,5,Positive,2025-03-09
REV01374,ORD01893,CUST0192,3,Neutral,2025-09-11
REV01375,ORD01894,CUST0004,5,Positive,2025-02-20
REV01376,ORD01895,CUST0016,5,Positive,2025-03-13
REV01377,ORD01897,CUST0051,1,Negative,2025-04-14
REV01378,ORD01901,CUST0010,3,Neutral,2025-12-23
REV01379,ORD01902,CUST0224,5,Positive,2025-12-11
REV01380,ORD01903,CUST0141,4,Positive,2025-04-14
REV01381,ORD01904,CUST0240,3,Neutral,2025-02-19
REV01382,ORD01905,CUST0205,4,Positive,2025-04-22
REV01383,ORD01907,CUST0035,5,Positive,2025-07-14
REV01384,ORD01908,CUST0118,5,Positive,2025-07-28
REV01385,ORD01909,CUST0102,3,Neutral,2025-12-25
REV01386,ORD01910,CUST0227,5,Positive,2025-12-20
REV01387,ORD01912,CUST0172,3,Neutral,2025-11-04
REV01388,ORD01913,CUST0217,4,Positive,2025-02-10
REV01389,ORD01914,CUST0105,3,Neutral,2025-06-24
REV01390,ORD01915,CUST0076,5,Positive,2026-01-05
REV01391,ORD01916,CUST0299,2,Negative,2025-10-19
REV01392,ORD01917,CUST0275,4,Positive,2025-03-03
REV01393,ORD01918,CUST0210,5,Positive,2025-09-22
REV01394,ORD01919,CUST0127,5,Positive,2025-11-23
REV01395,ORD01920,CUST0017,5,Positive,2025-07-21
REV01396,ORD01921,CUST0005,4,Positive,2025-03-25
REV01397,ORD01922,CUST0113,5,Positive,2025-12-31
REV01398,ORD01923,CUST0085,5,Positive,2025-12-07
REV01399,ORD01925,CUST0160,4,Positive,2025-10-13
REV01400,ORD01927,CUST0031,3,Neutral,2025-05-10
REV01401,ORD01928,CUST0083,2,Negative,2025-06-12
REV01402,ORD01931,CUST0014,5,Positive,2025-12-03
REV01403,ORD01932,CUST0188,3,Neutral,2025-04-19
REV01404,ORD01933,CUST0212,2,Negative,2025-12-31
REV01405,ORD01934,CUST0139,5,Positive,2025-11-22
REV01406,ORD01937,CUST0025,3,Neutral,2025-08-27
REV01407,ORD01938,CUST0117,4,Positive,2025-10-28
REV01408,ORD01941,CUST0153,5,Positive,2025-05-20
REV01409,ORD01943,CUST0144,5,Positive,2025-01-16
REV01410,ORD01944,CUST0143,5,Positive,2025-08-07
REV01411,ORD01945,CUST0083,4,Positive,2025-01-30
REV01412,ORD01947,CUST0062,5,Positive,2025-02-05
REV01413,ORD01948,CUST0176,1,Negative,2025-05-11
REV01414,ORD01950,CUST0082,3,Neutral,2025-12-19
REV01415,ORD01951,CUST0288,5,Positive,2025-12-08
REV01416,ORD01952,CUST0121,2,Negative,2025-05-03
REV01417,ORD01953,CUST0002,4,Positive,2025-11-11
REV01418,ORD01954,CUST0156,4,Positive,2025-07-03
REV01419,ORD01955,CUST0024,5,Positive,2026-01-01
REV01420,ORD01956,CUST0132,4,Positive,2025-01-22
REV01421,ORD01957,CUST0259,4,Positive,2025-08-24
REV01422,ORD01958,CUST0133,5,Positive,2025-05-14
REV01423,ORD01960,CUST0080,5,Positive,2025-05-22
REV01424,ORD01962,CUST0208,4,Positive,2025-07-07
REV01425,ORD01964,CUST0196,4,Positive,2025-05-21
REV01426,ORD01965,CUST0224,5,Positive,2025-08-26
REV01427,ORD01968,CUST0137,5,Positive,2025-03-09
REV01428,ORD01969,CUST0190,4,Positive,2025-08-26
REV01429,ORD01970,CUST0095,3,Neutral,2025-02-13
REV01430,ORD01971,CUST0003,5,Positive,2025-08-19
REV01431,ORD01972,CUST0018,2,Negative,2025-02-19
REV01432,ORD01973,CUST0135,2,Negative,2025-12-17
REV01433,ORD01974,CUST0211,5,Positive,2025-11-12
REV01434,ORD01977,CUST0222,4,Positive,2025-03-21
REV01435,ORD01978,CUST0060,5,Positive,2025-09-12
REV01436,ORD01980,CUST0196,5,Positive,2025-04-11
REV01437,ORD01981,CUST0019,5,Positive,2025-10-13
REV01438,ORD01983,CUST0109,3,Neutral,2025-05-19
REV01439,ORD01984,CUST0124,4,Positive,2025-03-27
REV01440,ORD01985,CUST0055,3,Neutral,2025-05-31
REV01441,ORD01986,CUST0072,4,Positive,2025-02-17
REV01442,ORD01987,CUST0259,3,Neutral,2025-04-16
REV01443,ORD01989,CUST0201,2,Negative,2025-12-07
REV01444,ORD01991,CUST0260,4,Positive,2025-08-31
REV01445,ORD01992,CUST0190,5,Positive,2025-10-18
REV01446,ORD01993,CUST0171,4,Positive,2025-03-18
REV01447,ORD01994,CUST0007,3,Neutral,2025-01-24
REV01448,ORD01995,CUST0289,3,Neutral,2025-04-06
REV01449,ORD01996,CUST0212,4,Positive,2025-01-30
REV01450,ORD01997,CUST0063,5,Positive,2025-01-20
REV01451,ORD01998,CUST0291,3,Neutral,2025-08-01
REV01452,ORD01999,CUST0256,3,Neutral,2025-07-28
